-- phpMyAdmin SQL Dump
-- version 5.2.1
-- https://www.phpmyadmin.net/
--
-- Host: 127.0.0.1
-- Generation Time: Apr 05, 2025 at 09:01 PM
-- Server version: 10.4.32-MariaDB
-- PHP Version: 8.0.30

SET SQL_MODE = "NO_AUTO_VALUE_ON_ZERO";
START TRANSACTION;
SET time_zone = "+00:00";


/*!40101 SET @OLD_CHARACTER_SET_CLIENT=@@CHARACTER_SET_CLIENT */;
/*!40101 SET @OLD_CHARACTER_SET_RESULTS=@@CHARACTER_SET_RESULTS */;
/*!40101 SET @OLD_COLLATION_CONNECTION=@@COLLATION_CONNECTION */;
/*!40101 SET NAMES utf8mb4 */;

--
-- Database: `sm`
--

-- --------------------------------------------------------

--
-- Table structure for table `admins`
--

CREATE TABLE `admins` (
  `id` bigint(50) NOT NULL,
  `first_Name` varchar(255) NOT NULL,
  `last_name` varchar(255) NOT NULL,
  `email` varchar(255) NOT NULL,
  `phone_number` bigint(30) NOT NULL,
  `password` varchar(50) NOT NULL
) ENGINE=InnoDB DEFAULT CHARSET=utf8mb4 COLLATE=utf8mb4_general_ci;

--
-- Dumping data for table `admins`
--

INSERT INTO `admins` (`id`, `first_Name`, `last_name`, `email`, `phone_number`, `password`) VALUES
(1, 'Vedant', 'Pathare', 'Admin@gmail.com', 1000000000, 'Admin');

-- --------------------------------------------------------

--
-- Table structure for table `chapters`
--

CREATE TABLE `chapters` (
  `id` int(11) NOT NULL,
  `name` varchar(255) NOT NULL,
  `subject_id` int(11) NOT NULL,
  `status` tinyint(1) DEFAULT 0,
  `completed_by` int(11) DEFAULT NULL,
  `created_at` timestamp NOT NULL DEFAULT current_timestamp()
) ENGINE=InnoDB DEFAULT CHARSET=utf8mb4 COLLATE=utf8mb4_general_ci;

--
-- Dumping data for table `chapters`
--

INSERT INTO `chapters` (`id`, `name`, `subject_id`, `status`, `completed_by`, `created_at`) VALUES
(1, '1', 1, 0, NULL, '2025-03-29 13:30:00'),
(2, '2', 1, 0, NULL, '2025-03-29 13:30:00'),
(3, '3', 1, 0, NULL, '2025-03-29 13:30:00'),
(4, '4', 1, 0, NULL, '2025-03-29 13:30:00'),
(5, '5', 1, 0, NULL, '2025-03-29 13:30:00'),
(6, '6', 1, 0, NULL, '2025-03-29 13:30:00'),
(7, '7', 1, 0, NULL, '2025-03-29 13:30:00'),
(8, '8', 1, 0, NULL, '2025-03-29 13:30:00'),
(9, '9', 1, 0, NULL, '2025-03-29 13:30:00'),
(10, '10', 1, 0, NULL, '2025-03-29 13:30:00'),
(11, '11', 1, 0, NULL, '2025-03-29 13:30:00'),
(12, '12', 1, 0, NULL, '2025-03-29 13:30:00'),
(13, '13', 1, 0, NULL, '2025-03-29 13:30:00'),
(14, '1', 41, 0, NULL, '2025-03-29 13:35:19'),
(15, '2', 41, 0, NULL, '2025-03-29 13:35:19'),
(16, '3', 41, 0, NULL, '2025-03-29 13:35:19'),
(17, '4', 41, 0, NULL, '2025-03-29 13:35:19'),
(18, '5', 41, 0, NULL, '2025-03-29 13:35:19'),
(19, '6', 41, 0, NULL, '2025-03-29 13:35:19'),
(20, '7', 41, 0, NULL, '2025-03-29 13:35:19'),
(21, '8', 41, 0, NULL, '2025-03-29 13:35:19'),
(22, '9', 41, 0, NULL, '2025-03-29 13:35:19'),
(23, '10', 41, 0, NULL, '2025-03-29 13:35:19'),
(24, '11', 41, 0, NULL, '2025-03-29 13:35:19'),
(25, '12', 41, 0, NULL, '2025-03-29 13:35:19'),
(26, '13', 41, 0, NULL, '2025-03-29 13:35:19'),
(27, '14', 41, 0, NULL, '2025-03-29 13:35:19'),
(28, '15', 41, 0, NULL, '2025-03-29 13:35:19'),
(29, '16', 41, 0, NULL, '2025-03-29 13:35:19'),
(30, '17', 41, 0, NULL, '2025-03-29 13:35:19'),
(31, '18', 41, 0, NULL, '2025-03-29 13:35:19'),
(32, '19', 41, 0, NULL, '2025-03-29 13:35:19'),
(33, '20', 41, 0, NULL, '2025-03-29 13:35:19'),
(34, '21', 41, 0, NULL, '2025-03-29 13:35:19'),
(35, '22', 41, 0, NULL, '2025-03-29 13:35:19'),
(36, '23', 41, 0, NULL, '2025-03-29 13:35:19'),
(37, '24', 41, 0, NULL, '2025-03-29 13:35:19'),
(38, '25', 41, 0, NULL, '2025-03-29 13:35:19'),
(39, '26', 41, 0, NULL, '2025-03-29 13:35:19'),
(40, '27', 41, 0, NULL, '2025-03-29 13:35:19'),
(41, '28', 41, 0, NULL, '2025-03-29 13:35:19'),
(42, '1', 15, 0, NULL, '2025-03-29 13:37:06'),
(43, '2', 15, 0, NULL, '2025-03-29 13:37:06'),
(44, '3', 15, 0, NULL, '2025-03-29 13:37:06'),
(45, '4', 15, 0, NULL, '2025-03-29 13:37:06'),
(46, '5', 15, 0, NULL, '2025-03-29 13:37:06'),
(47, '6', 15, 0, NULL, '2025-03-29 13:37:06'),
(48, '7', 15, 0, NULL, '2025-03-29 13:37:06'),
(49, '8', 15, 0, NULL, '2025-03-29 13:37:06'),
(50, '9', 15, 0, NULL, '2025-03-29 13:37:06'),
(51, '10', 15, 0, NULL, '2025-03-29 13:37:06'),
(52, '11', 15, 0, NULL, '2025-03-29 13:37:06'),
(53, '12', 15, 0, NULL, '2025-03-29 13:37:06'),
(54, '13', 15, 0, NULL, '2025-03-29 13:37:06'),
(55, '1', 42, 0, NULL, '2025-03-29 13:37:49'),
(56, '2', 42, 0, NULL, '2025-03-29 13:37:49'),
(57, '3', 42, 0, NULL, '2025-03-29 13:37:49'),
(58, '4', 42, 0, NULL, '2025-03-29 13:37:49'),
(59, '5', 42, 0, NULL, '2025-03-29 13:37:49'),
(60, '6', 42, 0, NULL, '2025-03-29 13:37:49'),
(61, '7', 42, 0, NULL, '2025-03-29 13:37:49'),
(62, '8', 42, 0, NULL, '2025-03-29 13:37:49'),
(63, '9', 42, 0, NULL, '2025-03-29 13:37:49'),
(64, '10', 42, 0, NULL, '2025-03-29 13:37:49'),
(65, '11', 42, 0, NULL, '2025-03-29 13:37:49'),
(66, '12', 42, 0, NULL, '2025-03-29 13:37:49'),
(67, '1', 2, 0, NULL, '2025-03-29 13:39:42'),
(68, '2', 2, 0, NULL, '2025-03-29 13:39:42'),
(69, '3', 2, 0, NULL, '2025-03-29 13:39:42'),
(70, '4', 2, 0, NULL, '2025-03-29 13:39:42'),
(71, '5', 2, 0, NULL, '2025-03-29 13:39:42'),
(72, '6', 2, 0, NULL, '2025-03-29 13:39:42'),
(73, '7', 2, 0, NULL, '2025-03-29 13:39:42'),
(74, '8', 2, 0, NULL, '2025-03-29 13:39:42'),
(75, '9', 2, 0, NULL, '2025-03-29 13:39:42'),
(76, '10', 2, 0, NULL, '2025-03-29 13:39:42'),
(77, '11', 2, 0, NULL, '2025-03-29 13:39:42'),
(78, '1', 16, 0, NULL, '2025-03-29 13:41:23'),
(79, '2', 16, 0, NULL, '2025-03-29 13:41:23'),
(80, '3', 16, 0, NULL, '2025-03-29 13:41:23'),
(81, '4', 16, 0, NULL, '2025-03-29 13:41:23'),
(82, '5', 16, 0, NULL, '2025-03-29 13:41:23'),
(83, '1', 39, 0, NULL, '2025-03-29 13:41:44'),
(84, '2', 39, 0, NULL, '2025-03-29 13:41:44'),
(85, '3', 39, 0, NULL, '2025-03-29 13:41:44'),
(86, '4', 39, 0, NULL, '2025-03-29 13:41:44'),
(87, '5', 39, 0, NULL, '2025-03-29 13:41:44'),
(88, '6', 39, 0, NULL, '2025-03-29 13:41:44'),
(89, '7', 39, 0, NULL, '2025-03-29 13:41:44'),
(90, '8', 39, 0, NULL, '2025-03-29 13:41:44'),
(91, '9', 39, 0, NULL, '2025-03-29 13:41:44'),
(92, '10', 39, 0, NULL, '2025-03-29 13:41:44'),
(93, '11', 39, 0, NULL, '2025-03-29 13:41:44'),
(94, '12', 39, 0, NULL, '2025-03-29 13:41:44'),
(95, '13', 39, 0, NULL, '2025-03-29 13:41:44'),
(96, '14', 39, 0, NULL, '2025-03-29 13:41:44'),
(97, '15', 39, 0, NULL, '2025-03-29 13:41:44'),
(98, '16', 39, 0, NULL, '2025-03-29 13:41:44'),
(99, '17', 39, 0, NULL, '2025-03-29 13:41:44'),
(100, '18', 39, 0, NULL, '2025-03-29 13:41:44'),
(101, '19', 39, 0, NULL, '2025-03-29 13:41:44'),
(102, '20', 39, 0, NULL, '2025-03-29 13:41:44'),
(103, '21', 39, 0, NULL, '2025-03-29 13:41:44'),
(104, '22', 39, 0, NULL, '2025-03-29 13:41:44'),
(105, '23', 39, 0, NULL, '2025-03-29 13:41:44'),
(106, '24', 39, 0, NULL, '2025-03-29 13:41:44'),
(107, '25', 39, 0, NULL, '2025-03-29 13:41:44'),
(108, '26', 39, 0, NULL, '2025-03-29 13:41:44'),
(109, '1', 40, 0, NULL, '2025-03-29 13:42:03'),
(110, '2', 40, 0, NULL, '2025-03-29 13:42:03'),
(111, '3', 40, 0, NULL, '2025-03-29 13:42:03'),
(112, '4', 40, 0, NULL, '2025-03-29 13:42:03'),
(113, '5', 40, 0, NULL, '2025-03-29 13:42:03'),
(114, '6', 40, 0, NULL, '2025-03-29 13:42:03'),
(115, '7', 40, 0, NULL, '2025-03-29 13:42:03'),
(116, '8', 40, 0, NULL, '2025-03-29 13:42:03'),
(117, '1', 3, 0, NULL, '2025-03-29 13:45:47'),
(118, '2', 3, 0, NULL, '2025-03-29 13:45:47'),
(119, '3', 3, 0, NULL, '2025-03-29 13:45:47'),
(120, '4', 3, 0, NULL, '2025-03-29 13:45:47'),
(121, '5', 3, 0, NULL, '2025-03-29 13:45:47'),
(122, '6', 3, 0, NULL, '2025-03-29 13:45:47'),
(123, '7', 3, 0, NULL, '2025-03-29 13:45:47'),
(124, '8', 3, 0, NULL, '2025-03-29 13:45:47'),
(125, '9', 3, 0, NULL, '2025-03-29 13:45:47'),
(126, '10', 3, 0, NULL, '2025-03-29 13:45:47'),
(127, '11', 3, 0, NULL, '2025-03-29 13:45:47'),
(128, '12', 3, 0, NULL, '2025-03-29 13:45:47'),
(129, '13', 3, 0, NULL, '2025-03-29 13:45:47'),
(130, '14', 3, 0, NULL, '2025-03-29 13:45:47'),
(131, '1', 37, 0, NULL, '2025-03-29 13:46:08'),
(132, '2', 37, 0, NULL, '2025-03-29 13:46:08'),
(133, '3', 37, 0, NULL, '2025-03-29 13:46:08'),
(134, '4', 37, 0, NULL, '2025-03-29 13:46:08'),
(135, '5', 37, 0, NULL, '2025-03-29 13:46:08'),
(136, '6', 37, 0, NULL, '2025-03-29 13:46:08'),
(137, '7', 37, 0, NULL, '2025-03-29 13:46:08'),
(138, '8', 37, 0, NULL, '2025-03-29 13:46:08'),
(139, '9', 37, 0, NULL, '2025-03-29 13:46:08'),
(140, '10', 37, 0, NULL, '2025-03-29 13:46:08'),
(141, '11', 37, 0, NULL, '2025-03-29 13:46:08'),
(142, '12', 37, 0, NULL, '2025-03-29 13:46:08'),
(143, '13', 37, 0, NULL, '2025-03-29 13:46:08'),
(144, '14', 37, 0, NULL, '2025-03-29 13:46:08'),
(145, '15', 37, 0, NULL, '2025-03-29 13:46:08'),
(146, '16', 37, 0, NULL, '2025-03-29 13:46:08'),
(147, '17', 37, 0, NULL, '2025-03-29 13:46:08'),
(148, '18', 37, 0, NULL, '2025-03-29 13:46:08'),
(149, '19', 37, 0, NULL, '2025-03-29 13:46:08'),
(150, '20', 37, 0, NULL, '2025-03-29 13:46:08'),
(151, '21', 37, 0, NULL, '2025-03-29 13:46:08'),
(152, '22', 37, 0, NULL, '2025-03-29 13:46:08'),
(153, '23', 37, 0, NULL, '2025-03-29 13:46:08'),
(154, '24', 37, 0, NULL, '2025-03-29 13:46:08'),
(159, '1', 38, 0, NULL, '2025-03-29 13:46:39'),
(160, '2', 38, 0, NULL, '2025-03-29 13:46:39'),
(161, '3', 38, 0, NULL, '2025-03-29 13:46:39'),
(162, '4', 38, 0, NULL, '2025-03-29 13:46:39'),
(163, '5', 38, 0, NULL, '2025-03-29 13:46:39'),
(164, '6', 38, 0, NULL, '2025-03-29 13:46:39'),
(165, '7', 38, 0, NULL, '2025-03-29 13:46:39'),
(166, '8', 38, 0, NULL, '2025-03-29 13:46:39'),
(167, '9', 38, 0, NULL, '2025-03-29 13:46:39'),
(168, '10', 38, 0, NULL, '2025-03-29 13:46:39'),
(169, '11', 38, 0, NULL, '2025-03-29 13:46:39'),
(170, '12', 38, 0, NULL, '2025-03-29 13:46:39'),
(171, '13', 38, 0, NULL, '2025-03-29 13:46:39'),
(172, '14', 38, 0, NULL, '2025-03-29 13:46:39'),
(173, '15', 38, 0, NULL, '2025-03-29 13:46:39'),
(174, '16', 38, 0, NULL, '2025-03-29 13:46:39'),
(175, '17', 38, 0, NULL, '2025-03-29 13:46:39'),
(176, '18', 38, 0, NULL, '2025-03-29 13:46:39'),
(177, '1', 4, 0, NULL, '2025-03-29 13:48:46'),
(178, '2', 4, 0, NULL, '2025-03-29 13:48:46'),
(179, '3', 4, 0, NULL, '2025-03-29 13:48:46'),
(180, '4', 4, 0, NULL, '2025-03-29 13:48:46'),
(181, '5', 4, 0, NULL, '2025-03-29 13:48:46'),
(182, '6', 4, 0, NULL, '2025-03-29 13:48:46'),
(183, '7', 4, 0, NULL, '2025-03-29 13:48:46'),
(184, '8', 4, 0, NULL, '2025-03-29 13:48:46'),
(185, '9', 4, 0, NULL, '2025-03-29 13:48:46'),
(186, '10', 4, 0, NULL, '2025-03-29 13:48:46'),
(187, '11', 4, 0, NULL, '2025-03-29 13:48:46'),
(188, '12', 4, 0, NULL, '2025-03-29 13:48:46'),
(189, '13', 4, 0, NULL, '2025-03-29 13:48:46'),
(190, '14', 4, 0, NULL, '2025-03-29 13:48:46'),
(192, '1', 18, 0, NULL, '2025-03-29 13:49:04'),
(193, '2', 18, 0, NULL, '2025-03-29 13:49:04'),
(194, '3', 18, 0, NULL, '2025-03-29 13:49:04'),
(195, '4', 18, 0, NULL, '2025-03-29 13:49:04'),
(196, '5', 18, 0, NULL, '2025-03-29 13:49:04'),
(197, '6', 18, 0, NULL, '2025-03-29 13:49:04'),
(198, '7', 18, 0, NULL, '2025-03-29 13:49:04'),
(199, '8', 18, 0, NULL, '2025-03-29 13:49:04'),
(200, '9', 18, 0, NULL, '2025-03-29 13:49:04'),
(202, '1', 35, 0, NULL, '2025-03-29 13:49:25'),
(203, '2', 35, 0, NULL, '2025-03-29 13:49:25'),
(204, '3', 35, 0, NULL, '2025-03-29 13:49:25'),
(205, '4', 35, 0, NULL, '2025-03-29 13:49:25'),
(206, '5', 35, 0, NULL, '2025-03-29 13:49:25'),
(207, '6', 35, 0, NULL, '2025-03-29 13:49:25'),
(208, '7', 35, 0, NULL, '2025-03-29 13:49:25'),
(209, '8', 35, 0, NULL, '2025-03-29 13:49:25'),
(210, '9', 35, 0, NULL, '2025-03-29 13:49:25'),
(211, '10', 35, 0, NULL, '2025-03-29 13:49:25'),
(212, '11', 35, 0, NULL, '2025-03-29 13:49:25'),
(213, '12', 35, 0, NULL, '2025-03-29 13:49:25'),
(214, '13', 35, 0, NULL, '2025-03-29 13:49:25'),
(215, '14', 35, 0, NULL, '2025-03-29 13:49:25'),
(217, '1', 36, 0, NULL, '2025-03-29 13:49:43'),
(218, '2', 36, 0, NULL, '2025-03-29 13:49:43'),
(219, '3', 36, 0, NULL, '2025-03-29 13:49:43'),
(220, '4', 36, 0, NULL, '2025-03-29 13:49:43'),
(221, '5', 36, 0, NULL, '2025-03-29 13:49:43'),
(222, '6', 36, 0, NULL, '2025-03-29 13:49:43'),
(223, '7', 36, 0, NULL, '2025-03-29 13:49:43'),
(224, '8', 36, 0, NULL, '2025-03-29 13:49:43'),
(225, '9', 36, 0, NULL, '2025-03-29 13:49:43'),
(226, '10', 36, 0, NULL, '2025-03-29 13:49:43'),
(227, '11', 36, 0, NULL, '2025-03-29 13:49:43'),
(228, '12', 36, 0, NULL, '2025-03-29 13:49:43'),
(229, '13', 36, 0, NULL, '2025-03-29 13:49:43'),
(230, '14', 36, 0, NULL, '2025-03-29 13:49:43'),
(231, '15', 36, 0, NULL, '2025-03-29 13:49:43'),
(232, '16', 36, 0, NULL, '2025-03-29 13:49:43'),
(233, '17', 36, 0, NULL, '2025-03-29 13:49:43'),
(234, '18', 36, 0, NULL, '2025-03-29 13:49:43'),
(235, '19', 36, 0, NULL, '2025-03-29 13:49:43'),
(236, '20', 36, 0, NULL, '2025-03-29 13:49:43'),
(237, '21', 36, 0, NULL, '2025-03-29 13:49:43'),
(238, '22', 36, 0, NULL, '2025-03-29 13:49:43'),
(239, '23', 36, 0, NULL, '2025-03-29 13:49:43'),
(240, '24', 36, 0, NULL, '2025-03-29 13:49:43'),
(241, '25', 36, 0, NULL, '2025-03-29 13:49:43'),
(242, '26', 36, 0, NULL, '2025-03-29 13:49:43'),
(243, '27', 36, 0, NULL, '2025-03-29 13:49:43'),
(245, '1', 5, 0, NULL, '2025-03-29 13:51:49'),
(246, '2', 5, 0, NULL, '2025-03-29 13:51:49'),
(247, '3', 5, 0, NULL, '2025-03-29 13:51:49'),
(248, '4', 5, 0, NULL, '2025-03-29 13:51:49'),
(249, '5', 5, 0, NULL, '2025-03-29 13:51:49'),
(250, '6', 5, 0, NULL, '2025-03-29 13:51:49'),
(251, '7', 5, 0, NULL, '2025-03-29 13:51:49'),
(252, '8', 5, 0, NULL, '2025-03-29 13:51:49'),
(253, '9', 5, 0, NULL, '2025-03-29 13:51:49'),
(254, '10', 5, 0, NULL, '2025-03-29 13:51:49'),
(255, '11', 5, 0, NULL, '2025-03-29 13:51:49'),
(256, '12', 5, 0, NULL, '2025-03-29 13:51:49'),
(257, '13', 5, 0, NULL, '2025-03-29 13:51:49'),
(258, '14', 5, 0, NULL, '2025-03-29 13:51:49'),
(259, '1', 19, 0, NULL, '2025-03-29 13:52:23'),
(260, '2', 19, 0, NULL, '2025-03-29 13:52:23'),
(261, '3', 19, 0, NULL, '2025-03-29 13:52:23'),
(262, '4', 19, 0, NULL, '2025-03-29 13:52:23'),
(263, '5', 19, 0, NULL, '2025-03-29 13:52:23'),
(264, '6', 19, 0, NULL, '2025-03-29 13:52:23'),
(265, '7', 19, 0, NULL, '2025-03-29 13:52:23'),
(266, '8', 19, 0, NULL, '2025-03-29 13:52:23'),
(267, '9', 19, 0, NULL, '2025-03-29 13:52:23'),
(268, '10', 19, 0, NULL, '2025-03-29 13:52:23'),
(269, '1', 27, 0, NULL, '2025-03-29 13:52:43'),
(270, '2', 27, 0, NULL, '2025-03-29 13:52:43'),
(271, '3', 27, 0, NULL, '2025-03-29 13:52:43'),
(272, '4', 27, 0, NULL, '2025-03-29 13:52:43'),
(273, '5', 27, 0, NULL, '2025-03-29 13:52:43'),
(274, '6', 27, 0, NULL, '2025-03-29 13:52:43'),
(275, '7', 27, 0, NULL, '2025-03-29 13:52:43'),
(276, '8', 27, 0, NULL, '2025-03-29 13:52:43'),
(277, '9', 27, 0, NULL, '2025-03-29 13:52:43'),
(278, '10', 27, 0, NULL, '2025-03-29 13:52:43'),
(279, '11', 27, 0, NULL, '2025-03-29 13:52:43'),
(280, '12', 27, 0, NULL, '2025-03-29 13:52:43'),
(281, '13', 27, 0, NULL, '2025-03-29 13:52:43'),
(282, '14', 27, 0, NULL, '2025-03-29 13:52:43'),
(283, '15', 27, 0, NULL, '2025-03-29 13:52:43'),
(284, '16', 27, 0, NULL, '2025-03-29 13:52:43'),
(285, '17', 27, 0, NULL, '2025-03-29 13:52:43'),
(286, '18', 27, 0, NULL, '2025-03-29 13:52:43'),
(287, '19', 27, 0, NULL, '2025-03-29 13:52:43'),
(288, '20', 27, 0, NULL, '2025-03-29 13:52:43'),
(289, '21', 27, 0, NULL, '2025-03-29 13:52:43'),
(290, '22', 27, 0, NULL, '2025-03-29 13:52:43'),
(291, '1', 7, 0, NULL, '2025-03-29 13:58:51'),
(292, '2', 7, 0, NULL, '2025-03-29 13:58:51'),
(293, '3', 7, 0, NULL, '2025-03-29 13:58:51'),
(294, '4', 7, 0, NULL, '2025-03-29 13:58:51'),
(295, '5', 7, 0, NULL, '2025-03-29 13:58:51'),
(296, '6', 7, 0, NULL, '2025-03-29 13:58:51'),
(297, '7', 7, 0, NULL, '2025-03-29 13:58:51'),
(298, '8', 7, 0, NULL, '2025-03-29 13:58:51'),
(299, '9', 7, 0, NULL, '2025-03-29 13:58:51'),
(300, '10', 7, 0, NULL, '2025-03-29 13:58:51'),
(301, '11', 7, 0, NULL, '2025-03-29 13:58:51'),
(302, '12', 7, 0, NULL, '2025-03-29 13:58:51'),
(303, '13', 7, 0, NULL, '2025-03-29 13:58:51'),
(327, '1', 56, 0, NULL, '2025-03-29 13:58:51'),
(328, '2', 56, 0, NULL, '2025-03-29 13:58:51'),
(329, '3', 56, 0, NULL, '2025-03-29 13:58:51'),
(330, '4', 56, 0, NULL, '2025-03-29 13:58:51'),
(331, '5', 56, 0, NULL, '2025-03-29 13:58:51'),
(332, '6', 56, 0, NULL, '2025-03-29 13:58:51'),
(333, '7', 56, 0, NULL, '2025-03-29 13:58:51'),
(334, '8', 56, 0, NULL, '2025-03-29 13:58:51'),
(335, '9', 56, 0, NULL, '2025-03-29 13:58:51'),
(336, '10', 56, 0, NULL, '2025-03-29 13:58:51'),
(337, '11', 56, 0, NULL, '2025-03-29 13:58:51'),
(338, '12', 56, 0, NULL, '2025-03-29 13:58:51'),
(339, '13', 56, 0, NULL, '2025-03-29 13:58:51'),
(340, '1', 57, 0, NULL, '2025-03-29 13:58:51'),
(341, '2', 57, 0, NULL, '2025-03-29 13:58:51'),
(342, '3', 57, 0, NULL, '2025-03-29 13:58:51'),
(343, '4', 57, 0, NULL, '2025-03-29 13:58:51'),
(344, '5', 57, 0, NULL, '2025-03-29 13:58:51'),
(345, '6', 57, 0, NULL, '2025-03-29 13:58:51'),
(346, '7', 57, 0, NULL, '2025-03-29 13:58:51'),
(347, '8', 57, 0, NULL, '2025-03-29 13:58:51'),
(348, '9', 57, 0, NULL, '2025-03-29 13:58:51'),
(349, '10', 57, 0, NULL, '2025-03-29 13:58:51'),
(350, '1', 58, 0, NULL, '2025-03-29 13:58:51'),
(351, '2', 58, 0, NULL, '2025-03-29 13:58:51'),
(352, '3', 58, 0, NULL, '2025-03-29 13:58:51'),
(353, '4', 58, 0, NULL, '2025-03-29 13:58:51'),
(354, '5', 58, 0, NULL, '2025-03-29 13:58:51'),
(355, '6', 58, 0, NULL, '2025-03-29 13:58:51'),
(356, '7', 58, 0, NULL, '2025-03-29 13:58:51'),
(357, '8', 58, 0, NULL, '2025-03-29 13:58:51'),
(358, '1', 59, 0, NULL, '2025-03-29 13:58:51'),
(359, '2', 59, 0, NULL, '2025-03-29 13:58:51'),
(360, '3', 59, 0, NULL, '2025-03-29 13:58:51'),
(361, '4', 59, 0, NULL, '2025-03-29 13:58:51'),
(362, '5', 59, 0, NULL, '2025-03-29 13:58:51'),
(363, '6', 59, 0, NULL, '2025-03-29 13:58:51'),
(364, '7', 59, 0, NULL, '2025-03-29 13:58:51'),
(365, '8', 59, 0, NULL, '2025-03-29 13:58:51'),
(366, '1', 60, 0, NULL, '2025-03-29 13:58:51'),
(367, '2', 60, 0, NULL, '2025-03-29 13:58:51'),
(368, '3', 60, 0, NULL, '2025-03-29 13:58:51'),
(369, '4', 60, 0, NULL, '2025-03-29 13:58:51'),
(370, '5', 60, 0, NULL, '2025-03-29 13:58:51'),
(371, '6', 60, 0, NULL, '2025-03-29 13:58:51'),
(372, '7', 60, 0, NULL, '2025-03-29 13:58:51'),
(373, '1', 9, 0, NULL, '2025-03-29 14:07:23'),
(374, '2', 9, 0, NULL, '2025-03-29 14:07:23'),
(375, '3', 9, 0, NULL, '2025-03-29 14:07:23'),
(376, '4', 9, 0, NULL, '2025-03-29 14:07:23'),
(377, '5', 9, 0, NULL, '2025-03-29 14:07:23'),
(378, '6', 9, 0, NULL, '2025-03-29 14:07:23'),
(379, '1', 23, 0, NULL, '2025-03-29 14:07:23'),
(380, '2', 23, 0, NULL, '2025-03-29 14:07:23'),
(381, '3', 23, 0, NULL, '2025-03-29 14:07:23'),
(382, '4', 23, 0, NULL, '2025-03-29 14:07:23'),
(383, '5', 23, 0, NULL, '2025-03-29 14:07:23'),
(384, '6', 23, 0, NULL, '2025-03-29 14:07:23'),
(385, '7', 23, 0, NULL, '2025-03-29 14:07:23'),
(386, '8', 23, 0, NULL, '2025-03-29 14:07:23'),
(387, '9', 23, 0, NULL, '2025-03-29 14:07:23'),
(388, '10', 23, 0, NULL, '2025-03-29 14:07:23'),
(389, '11', 23, 0, NULL, '2025-03-29 14:07:23'),
(390, '12', 23, 0, NULL, '2025-03-29 14:07:23'),
(391, '13', 23, 0, NULL, '2025-03-29 14:07:23'),
(392, '14', 23, 0, NULL, '2025-03-29 14:07:23'),
(393, '15', 23, 0, NULL, '2025-03-29 14:07:23'),
(394, '16', 23, 0, NULL, '2025-03-29 14:07:23'),
(395, '17', 23, 0, NULL, '2025-03-29 14:07:23'),
(396, '18', 23, 0, NULL, '2025-03-29 14:07:23'),
(397, '19', 23, 0, NULL, '2025-03-29 14:07:23'),
(398, '20', 23, 0, NULL, '2025-03-29 14:07:23'),
(399, '21', 23, 0, NULL, '2025-03-29 14:07:23'),
(400, '22', 23, 0, NULL, '2025-03-29 14:07:23'),
(401, '23', 23, 0, NULL, '2025-03-29 14:07:23'),
(402, '24', 23, 0, NULL, '2025-03-29 14:07:23'),
(403, '25', 23, 0, NULL, '2025-03-29 14:07:23'),
(404, '1', 69, 0, NULL, '2025-03-29 14:07:23'),
(405, '2', 69, 0, NULL, '2025-03-29 14:07:23'),
(406, '3', 69, 0, NULL, '2025-03-29 14:07:23'),
(407, '4', 69, 0, NULL, '2025-03-29 14:07:23'),
(408, '5', 69, 0, NULL, '2025-03-29 14:07:23'),
(409, '6', 69, 0, NULL, '2025-03-29 14:07:23'),
(410, '7', 69, 0, NULL, '2025-03-29 14:07:23'),
(411, '8', 69, 0, NULL, '2025-03-29 14:07:23'),
(412, '9', 69, 0, NULL, '2025-03-29 14:07:23'),
(413, '10', 69, 0, NULL, '2025-03-29 14:07:23'),
(414, '11', 69, 0, NULL, '2025-03-29 14:07:23'),
(415, '12', 69, 0, NULL, '2025-03-29 14:07:23'),
(416, '13', 69, 0, NULL, '2025-03-29 14:07:23'),
(417, '14', 69, 0, NULL, '2025-03-29 14:07:23'),
(418, '1', 70, 0, NULL, '2025-03-29 14:07:23'),
(419, '2', 70, 0, NULL, '2025-03-29 14:07:23'),
(420, '3', 70, 0, NULL, '2025-03-29 14:07:23'),
(421, '4', 70, 0, NULL, '2025-03-29 14:07:23'),
(422, '5', 70, 0, NULL, '2025-03-29 14:07:23'),
(423, '6', 70, 0, NULL, '2025-03-29 14:07:23'),
(424, '7', 70, 0, NULL, '2025-03-29 14:07:23'),
(425, '8', 70, 0, NULL, '2025-03-29 14:07:23'),
(426, '9', 70, 0, NULL, '2025-03-29 14:07:23'),
(427, '10', 70, 0, NULL, '2025-03-29 14:07:23'),
(428, '11', 70, 0, NULL, '2025-03-29 14:07:23'),
(429, '12', 70, 0, NULL, '2025-03-29 14:07:23'),
(430, '13', 70, 0, NULL, '2025-03-29 14:07:23'),
(431, '14', 70, 0, NULL, '2025-03-29 14:07:23'),
(432, '15', 70, 0, NULL, '2025-03-29 14:07:23'),
(433, '16', 70, 0, NULL, '2025-03-29 14:07:23'),
(434, '1', 68, 0, NULL, '2025-03-29 14:07:23'),
(435, '2', 68, 0, NULL, '2025-03-29 14:07:23'),
(436, '3', 68, 0, NULL, '2025-03-29 14:07:23'),
(437, '4', 68, 0, NULL, '2025-03-29 14:07:23'),
(438, '1', 71, 0, NULL, '2025-03-29 14:07:23'),
(439, '2', 71, 0, NULL, '2025-03-29 14:07:23'),
(440, '3', 71, 0, NULL, '2025-03-29 14:07:23'),
(441, '4', 71, 0, NULL, '2025-03-29 14:07:23'),
(442, '1', 74, 0, NULL, '2025-03-29 14:07:23'),
(443, '2', 74, 0, NULL, '2025-03-29 14:07:23'),
(444, '3', 74, 0, NULL, '2025-03-29 14:07:23'),
(445, '4', 74, 0, NULL, '2025-03-29 14:07:23'),
(446, '1', 73, 0, NULL, '2025-03-29 14:07:23'),
(447, '2', 73, 0, NULL, '2025-03-29 14:07:23'),
(448, '3', 73, 0, NULL, '2025-03-29 14:07:23'),
(449, '4', 73, 0, NULL, '2025-03-29 14:07:23'),
(450, '1', 72, 0, NULL, '2025-03-29 14:07:23'),
(451, '2', 72, 0, NULL, '2025-03-29 14:07:23'),
(452, '3', 72, 0, NULL, '2025-03-29 14:07:23'),
(453, '4', 72, 0, NULL, '2025-03-29 14:07:23'),
(454, '5', 72, 0, NULL, '2025-03-29 14:07:23'),
(455, '6', 72, 0, NULL, '2025-03-29 14:07:23'),
(456, '1', 8, 0, NULL, '2025-03-31 02:48:30'),
(457, '2', 8, 0, NULL, '2025-03-31 02:48:30'),
(458, '3', 8, 0, NULL, '2025-03-31 02:48:30'),
(459, '4', 8, 0, NULL, '2025-03-31 02:48:30'),
(460, '5', 8, 0, NULL, '2025-03-31 02:48:30'),
(461, '6', 8, 0, NULL, '2025-03-31 02:48:30'),
(462, '7', 8, 0, NULL, '2025-03-31 02:48:30'),
(463, '8', 8, 0, NULL, '2025-03-31 02:48:30'),
(464, '9', 8, 0, NULL, '2025-03-31 02:48:30'),
(465, '10', 8, 0, NULL, '2025-03-31 02:48:30'),
(466, '11', 8, 0, NULL, '2025-03-31 02:48:30'),
(467, '12', 8, 0, NULL, '2025-03-31 02:48:30'),
(468, '13', 8, 0, NULL, '2025-03-31 02:48:30'),
(469, '1', 61, 0, NULL, '2025-03-31 02:48:31'),
(470, '2', 61, 0, NULL, '2025-03-31 02:48:31'),
(471, '3', 61, 0, NULL, '2025-03-31 02:48:31'),
(472, '4', 61, 0, NULL, '2025-03-31 02:48:31'),
(473, '5', 61, 0, NULL, '2025-03-31 02:48:31'),
(474, '6', 61, 0, NULL, '2025-03-31 02:48:31'),
(475, '7', 61, 0, NULL, '2025-03-31 02:48:31'),
(476, '8', 61, 0, NULL, '2025-03-31 02:48:31'),
(477, '9', 61, 0, NULL, '2025-03-31 02:48:31'),
(478, '10', 61, 0, NULL, '2025-03-31 02:48:31'),
(479, '11', 61, 0, NULL, '2025-03-31 02:48:31'),
(480, '12', 61, 0, NULL, '2025-03-31 02:48:31'),
(481, '13', 61, 0, NULL, '2025-03-31 02:48:31'),
(482, '1', 22, 0, NULL, '2025-03-31 02:48:31'),
(483, '2', 22, 0, NULL, '2025-03-31 02:48:31'),
(523, '1', 64, 0, NULL, '2025-03-31 02:49:22'),
(524, '2', 64, 0, NULL, '2025-03-31 02:49:22'),
(525, '3', 64, 0, NULL, '2025-03-31 02:49:22'),
(526, '4', 64, 0, NULL, '2025-03-31 02:49:22'),
(527, '5', 64, 0, NULL, '2025-03-31 02:49:22'),
(528, '6', 64, 0, NULL, '2025-03-31 02:49:22'),
(529, '7', 64, 0, NULL, '2025-03-31 02:49:22'),
(530, '8', 64, 0, NULL, '2025-03-31 02:49:22'),
(531, '9', 64, 0, NULL, '2025-03-31 02:49:22'),
(532, '10', 64, 0, NULL, '2025-03-31 02:49:22'),
(533, '11', 64, 0, NULL, '2025-03-31 02:49:22'),
(534, '12', 64, 0, NULL, '2025-03-31 02:49:22'),
(535, '13', 64, 0, NULL, '2025-03-31 02:49:22'),
(536, '1', 63, 0, NULL, '2025-03-31 02:49:23'),
(537, '2', 63, 0, NULL, '2025-03-31 02:49:23'),
(538, '3', 63, 0, NULL, '2025-03-31 02:49:23'),
(539, '4', 63, 0, NULL, '2025-03-31 02:49:23'),
(540, '5', 63, 0, NULL, '2025-03-31 02:49:23'),
(541, '6', 63, 0, NULL, '2025-03-31 02:49:23'),
(542, '7', 63, 0, NULL, '2025-03-31 02:49:23'),
(543, '8', 63, 0, NULL, '2025-03-31 02:49:23'),
(544, '9', 63, 0, NULL, '2025-03-31 02:49:23'),
(545, '10', 63, 0, NULL, '2025-03-31 02:49:23'),
(546, '11', 63, 0, NULL, '2025-03-31 02:49:23'),
(547, '12', 63, 0, NULL, '2025-03-31 02:49:23'),
(548, '13', 63, 0, NULL, '2025-03-31 02:49:23'),
(549, '14', 63, 0, NULL, '2025-03-31 02:49:23'),
(550, '15', 63, 0, NULL, '2025-03-31 02:49:23'),
(551, '16', 63, 0, NULL, '2025-03-31 02:49:23'),
(552, '1', 65, 0, NULL, '2025-03-31 02:50:03'),
(553, '2', 65, 0, NULL, '2025-03-31 02:50:03'),
(554, '3', 65, 0, NULL, '2025-03-31 02:50:03'),
(555, '4', 65, 0, NULL, '2025-03-31 02:50:03'),
(556, '5', 65, 0, NULL, '2025-03-31 02:50:03'),
(557, '6', 65, 0, NULL, '2025-03-31 02:50:03'),
(558, '7', 65, 0, NULL, '2025-03-31 02:50:03'),
(559, '8', 65, 0, NULL, '2025-03-31 02:50:03'),
(560, '1', 66, 0, NULL, '2025-03-31 02:50:03'),
(561, '2', 66, 0, NULL, '2025-03-31 02:50:03'),
(562, '3', 66, 0, NULL, '2025-03-31 02:50:03'),
(563, '4', 66, 0, NULL, '2025-03-31 02:50:03'),
(564, '5', 66, 0, NULL, '2025-03-31 02:50:03'),
(568, '1', 67, 0, NULL, '2025-03-31 02:50:03'),
(569, '2', 67, 0, NULL, '2025-03-31 02:50:03'),
(570, '3', 67, 0, NULL, '2025-03-31 02:50:03'),
(571, '4', 67, 0, NULL, '2025-03-31 02:50:03'),
(572, '5', 67, 0, NULL, '2025-03-31 02:50:03'),
(573, '1', 10, 0, NULL, '2025-03-31 03:03:45'),
(574, '2', 10, 0, NULL, '2025-03-31 03:03:45'),
(575, '3', 10, 0, NULL, '2025-03-31 03:03:45'),
(576, '4', 10, 0, NULL, '2025-03-31 03:03:45'),
(577, '5', 10, 0, NULL, '2025-03-31 03:03:45'),
(594, '1', 76, 0, NULL, '2025-03-31 03:03:46'),
(595, '2', 76, 0, NULL, '2025-03-31 03:03:46'),
(596, '3', 76, 0, NULL, '2025-03-31 03:03:46'),
(597, '4', 76, 0, NULL, '2025-03-31 03:03:46'),
(598, '5', 76, 0, NULL, '2025-03-31 03:03:46'),
(599, '6', 76, 0, NULL, '2025-03-31 03:03:46'),
(600, '7', 76, 0, NULL, '2025-03-31 03:03:46'),
(601, '8', 76, 0, NULL, '2025-03-31 03:03:46'),
(602, '9', 76, 0, NULL, '2025-03-31 03:03:46'),
(603, '10', 76, 0, NULL, '2025-03-31 03:03:46'),
(604, '11', 76, 0, NULL, '2025-03-31 03:03:46'),
(605, '12', 76, 0, NULL, '2025-03-31 03:03:46'),
(611, '1', 78, 0, NULL, '2025-03-31 03:04:25'),
(612, '2', 78, 0, NULL, '2025-03-31 03:04:25'),
(613, '3', 78, 0, NULL, '2025-03-31 03:04:25'),
(614, '4', 78, 0, NULL, '2025-03-31 03:04:25'),
(615, '5', 78, 0, NULL, '2025-03-31 03:04:25'),
(616, '6', 78, 0, NULL, '2025-03-31 03:04:25'),
(617, '7', 78, 0, NULL, '2025-03-31 03:04:25'),
(618, '1', 79, 0, NULL, '2025-03-31 03:04:25'),
(619, '2', 79, 0, NULL, '2025-03-31 03:04:25'),
(620, '3', 79, 0, NULL, '2025-03-31 03:04:25'),
(621, '4', 79, 0, NULL, '2025-03-31 03:04:25'),
(622, '1', 80, 0, NULL, '2025-03-31 03:04:25'),
(623, '2', 80, 0, NULL, '2025-03-31 03:04:25'),
(624, '3', 80, 0, NULL, '2025-03-31 03:04:25'),
(625, '4', 80, 0, NULL, '2025-03-31 03:04:25'),
(626, '5', 80, 0, NULL, '2025-03-31 03:04:25'),
(632, '1', 82, 0, NULL, '2025-03-31 03:12:03'),
(633, '2', 82, 0, NULL, '2025-03-31 03:12:03'),
(634, '3', 82, 0, NULL, '2025-03-31 03:12:03'),
(635, '4', 82, 0, NULL, '2025-03-31 03:12:03'),
(636, '5', 82, 0, NULL, '2025-03-31 03:12:03'),
(637, '6', 82, 0, NULL, '2025-03-31 03:12:03'),
(638, '7', 82, 0, NULL, '2025-03-31 03:12:03'),
(639, '8', 82, 0, NULL, '2025-03-31 03:12:03'),
(640, '9', 82, 0, NULL, '2025-03-31 03:12:03'),
(641, '10', 82, 0, NULL, '2025-03-31 03:12:03'),
(642, '1', 83, 0, NULL, '2025-03-31 03:12:03'),
(643, '2', 83, 0, NULL, '2025-03-31 03:12:03'),
(644, '3', 83, 0, NULL, '2025-03-31 03:12:03'),
(645, '4', 83, 0, NULL, '2025-03-31 03:12:03'),
(646, '5', 83, 0, NULL, '2025-03-31 03:12:03'),
(647, '6', 83, 0, NULL, '2025-03-31 03:12:03'),
(648, '7', 83, 0, NULL, '2025-03-31 03:12:03'),
(649, '8', 83, 0, NULL, '2025-03-31 03:12:03'),
(650, '9', 83, 0, NULL, '2025-03-31 03:12:03'),
(651, '10', 83, 0, NULL, '2025-03-31 03:12:03'),
(665, '6', 10, 0, NULL, '2025-03-31 03:30:37'),
(666, '7', 10, 0, NULL, '2025-03-31 03:30:37'),
(704, '13', 76, 0, NULL, '2025-03-31 04:21:24'),
(705, '14', 76, 0, NULL, '2025-03-31 04:21:24'),
(706, '15', 76, 0, NULL, '2025-03-31 04:21:24'),
(707, '3', 22, 0, NULL, '2025-03-31 10:06:36'),
(708, '1', 17, 0, NULL, '2025-04-04 08:47:05'),
(709, '2', 17, 0, NULL, '2025-04-04 08:47:05'),
(710, '3', 17, 0, NULL, '2025-04-04 08:47:05'),
(711, '4', 17, 0, NULL, '2025-04-04 08:47:05'),
(712, '5', 17, 0, NULL, '2025-04-04 08:47:05'),
(713, '6', 17, 0, NULL, '2025-04-04 08:47:05'),
(714, '7', 17, 0, NULL, '2025-04-04 08:47:05'),
(715, '8', 17, 0, NULL, '2025-04-04 08:47:05'),
(716, '9', 17, 0, NULL, '2025-04-04 08:47:05'),
(717, '10', 17, 0, NULL, '2025-04-04 08:47:05'),
(718, '11', 17, 0, NULL, '2025-04-04 08:47:05'),
(719, '12', 17, 0, NULL, '2025-04-04 08:47:05'),
(720, '1', 21, 0, NULL, '2025-04-04 08:59:51'),
(721, '2', 21, 0, NULL, '2025-04-04 08:59:51'),
(722, '3', 21, 0, NULL, '2025-04-04 08:59:51'),
(723, '4', 21, 0, NULL, '2025-04-04 08:59:51'),
(724, '5', 21, 0, NULL, '2025-04-04 08:59:51'),
(725, '6', 21, 0, NULL, '2025-04-04 08:59:51'),
(726, '7', 21, 0, NULL, '2025-04-04 08:59:51'),
(727, '8', 21, 0, NULL, '2025-04-04 08:59:51'),
(728, '9', 21, 0, NULL, '2025-04-04 08:59:51'),
(729, '10', 21, 0, NULL, '2025-04-04 08:59:51'),
(730, '11', 21, 0, NULL, '2025-04-04 08:59:51'),
(731, '12', 21, 0, NULL, '2025-04-04 08:59:51'),
(732, '13', 21, 0, NULL, '2025-04-04 08:59:51'),
(733, '14', 21, 0, NULL, '2025-04-04 08:59:51'),
(734, '15', 21, 0, NULL, '2025-04-04 08:59:51'),
(735, '16', 21, 0, NULL, '2025-04-04 08:59:51'),
(736, '17', 21, 0, NULL, '2025-04-04 08:59:51'),
(737, '18', 21, 0, NULL, '2025-04-04 08:59:51'),
(738, '19', 21, 0, NULL, '2025-04-04 08:59:51'),
(739, '20', 21, 0, NULL, '2025-04-04 08:59:51'),
(740, '21', 21, 0, NULL, '2025-04-04 08:59:51'),
(741, '22', 21, 0, NULL, '2025-04-04 08:59:51'),
(742, '23', 21, 0, NULL, '2025-04-04 08:59:51'),
(743, '1', 22, 0, NULL, '2025-04-04 09:15:59'),
(744, '2', 22, 0, NULL, '2025-04-04 09:15:59'),
(745, '3', 22, 0, NULL, '2025-04-04 09:15:59'),
(746, '4', 22, 0, NULL, '2025-04-04 09:15:59'),
(747, '5', 22, 0, NULL, '2025-04-04 09:15:59'),
(748, '6', 22, 0, NULL, '2025-04-04 09:15:59'),
(749, '7', 22, 0, NULL, '2025-04-04 09:15:59'),
(750, '8', 22, 0, NULL, '2025-04-04 09:15:59'),
(751, '9', 22, 0, NULL, '2025-04-04 09:15:59'),
(752, '10', 22, 0, NULL, '2025-04-04 09:15:59'),
(753, '11', 22, 0, NULL, '2025-04-04 09:15:59'),
(754, '12', 22, 0, NULL, '2025-04-04 09:15:59'),
(755, '13', 22, 0, NULL, '2025-04-04 09:15:59'),
(756, '14', 22, 0, NULL, '2025-04-04 09:15:59'),
(757, '15', 22, 0, NULL, '2025-04-04 09:15:59'),
(758, '16', 22, 0, NULL, '2025-04-04 09:15:59'),
(759, '17', 22, 0, NULL, '2025-04-04 09:15:59'),
(760, '18', 22, 0, NULL, '2025-04-04 09:15:59'),
(761, '19', 22, 0, NULL, '2025-04-04 09:15:59'),
(762, '20', 22, 0, NULL, '2025-04-04 09:15:59'),
(763, '21', 22, 0, NULL, '2025-04-04 09:15:59'),
(764, '1', 62, 0, NULL, '2025-04-04 09:24:15'),
(765, '2', 62, 0, NULL, '2025-04-04 09:24:15'),
(766, '3', 62, 0, NULL, '2025-04-04 09:24:15'),
(767, '4', 62, 0, NULL, '2025-04-04 09:24:15'),
(768, '5', 62, 0, NULL, '2025-04-04 09:24:15'),
(769, '6', 62, 0, NULL, '2025-04-04 09:24:15'),
(770, '7', 62, 0, NULL, '2025-04-04 09:24:15'),
(771, '8', 62, 0, NULL, '2025-04-04 09:24:15'),
(772, '9', 62, 0, NULL, '2025-04-04 09:24:15'),
(773, '10', 62, 0, NULL, '2025-04-04 09:24:15'),
(774, '11', 62, 0, NULL, '2025-04-04 09:24:15'),
(775, '12', 62, 0, NULL, '2025-04-04 09:24:15'),
(776, '13', 62, 0, NULL, '2025-04-04 09:24:15'),
(777, '14', 62, 0, NULL, '2025-04-04 09:24:15'),
(778, '15', 62, 0, NULL, '2025-04-04 09:24:15'),
(779, '16', 62, 0, NULL, '2025-04-04 09:24:15'),
(780, '17', 62, 0, NULL, '2025-04-04 09:24:15'),
(781, '18', 62, 0, NULL, '2025-04-04 09:24:15'),
(782, '1', 75, 0, NULL, '2025-04-04 09:38:38'),
(783, '2', 75, 0, NULL, '2025-04-04 09:38:38'),
(784, '3', 75, 0, NULL, '2025-04-04 09:38:38'),
(785, '4', 75, 0, NULL, '2025-04-04 09:38:38'),
(786, '5', 75, 0, NULL, '2025-04-04 09:38:38'),
(787, '6', 75, 0, NULL, '2025-04-04 09:38:38'),
(788, '7', 75, 0, NULL, '2025-04-04 09:38:38'),
(789, '8', 75, 0, NULL, '2025-04-04 09:38:38'),
(790, '9', 75, 0, NULL, '2025-04-04 09:38:38'),
(791, '10', 75, 0, NULL, '2025-04-04 09:38:38'),
(792, '11', 75, 0, NULL, '2025-04-04 09:38:38'),
(793, '12', 75, 0, NULL, '2025-04-04 09:38:38'),
(794, '13', 75, 0, NULL, '2025-04-04 09:38:38'),
(795, '1', 24, 0, NULL, '2025-04-04 09:43:40'),
(796, '2', 24, 0, NULL, '2025-04-04 09:43:40'),
(797, '3', 24, 0, NULL, '2025-04-04 09:43:40'),
(798, '4', 24, 0, NULL, '2025-04-04 09:43:40'),
(799, '5', 24, 0, NULL, '2025-04-04 09:43:40'),
(800, '6', 24, 0, NULL, '2025-04-04 09:43:40'),
(801, '7', 24, 0, NULL, '2025-04-04 09:43:40'),
(802, '8', 24, 0, NULL, '2025-04-04 09:43:40'),
(803, '9', 24, 0, NULL, '2025-04-04 09:43:40'),
(804, '10', 24, 0, NULL, '2025-04-04 09:43:40'),
(805, '11', 24, 0, NULL, '2025-04-04 09:43:40'),
(806, '12', 24, 0, NULL, '2025-04-04 09:43:40'),
(807, '13', 24, 0, NULL, '2025-04-04 09:43:40'),
(808, '14', 24, 0, NULL, '2025-04-04 09:43:40'),
(809, '15', 24, 0, NULL, '2025-04-04 09:43:40'),
(810, '16', 24, 0, NULL, '2025-04-04 09:43:40'),
(811, '17', 24, 0, NULL, '2025-04-04 09:43:40'),
(812, '18', 24, 0, NULL, '2025-04-04 09:43:40'),
(813, '19', 24, 0, NULL, '2025-04-04 09:43:40'),
(814, '20', 24, 0, NULL, '2025-04-04 09:43:40'),
(815, '21', 24, 0, NULL, '2025-04-04 09:43:40'),
(816, '22', 24, 0, NULL, '2025-04-04 09:43:40'),
(817, '23', 24, 0, NULL, '2025-04-04 09:43:40'),
(818, '24', 24, 0, NULL, '2025-04-04 09:43:40'),
(819, '25', 24, 0, NULL, '2025-04-04 09:43:40'),
(820, '26', 24, 0, NULL, '2025-04-04 09:43:40'),
(821, '27', 24, 0, NULL, '2025-04-04 09:43:40'),
(822, '28', 24, 0, NULL, '2025-04-04 09:43:40'),
(823, '1', 77, 0, NULL, '2025-04-04 09:49:23'),
(824, '2', 77, 0, NULL, '2025-04-04 09:49:23'),
(825, '3', 77, 0, NULL, '2025-04-04 09:49:23'),
(826, '4', 77, 0, NULL, '2025-04-04 09:49:23'),
(827, '5', 77, 0, NULL, '2025-04-04 09:49:23'),
(828, '1', 11, 0, NULL, '2025-04-04 09:56:05'),
(829, '2', 11, 0, NULL, '2025-04-04 09:56:05'),
(830, '3', 11, 0, NULL, '2025-04-04 09:56:05'),
(831, '4', 11, 0, NULL, '2025-04-04 09:56:05'),
(832, '5', 11, 0, NULL, '2025-04-04 09:56:05'),
(833, '6', 11, 0, NULL, '2025-04-04 09:56:05'),
(834, '7', 11, 0, NULL, '2025-04-04 09:56:05'),
(835, '8', 11, 0, NULL, '2025-04-04 09:56:05'),
(836, '9', 11, 0, NULL, '2025-04-04 09:56:05'),
(837, '10', 11, 0, NULL, '2025-04-04 09:56:05'),
(838, '11', 11, 0, NULL, '2025-04-04 09:56:05'),
(839, '12', 11, 0, NULL, '2025-04-04 09:56:05'),
(840, '13', 11, 0, NULL, '2025-04-04 09:56:05'),
(841, '14', 11, 0, NULL, '2025-04-04 09:56:05'),
(842, '15', 11, 0, NULL, '2025-04-04 09:56:05'),
(843, '16', 11, 0, NULL, '2025-04-04 09:56:05'),
(844, '1', 82, 0, NULL, '2025-04-04 10:01:35'),
(845, '2', 82, 0, NULL, '2025-04-04 10:01:35'),
(846, '3', 82, 0, NULL, '2025-04-04 10:01:35'),
(847, '4', 82, 0, NULL, '2025-04-04 10:01:35'),
(848, '5', 82, 0, NULL, '2025-04-04 10:01:35'),
(849, '6', 82, 0, NULL, '2025-04-04 10:01:35'),
(850, '7', 82, 0, NULL, '2025-04-04 10:01:35'),
(851, '8', 82, 0, NULL, '2025-04-04 10:01:35'),
(852, '9', 82, 0, NULL, '2025-04-04 10:01:35'),
(853, '10', 82, 0, NULL, '2025-04-04 10:01:35'),
(854, '11', 82, 0, NULL, '2025-04-04 10:01:35'),
(855, '12', 82, 0, NULL, '2025-04-04 10:01:35'),
(856, '13', 82, 0, NULL, '2025-04-04 10:01:35'),
(857, '14', 82, 0, NULL, '2025-04-04 10:01:35'),
(858, '1', 84, 0, NULL, '2025-04-04 10:07:58'),
(859, '2', 84, 0, NULL, '2025-04-04 10:07:58'),
(860, '3', 84, 0, NULL, '2025-04-04 10:07:58'),
(861, '4', 84, 0, NULL, '2025-04-04 10:07:58'),
(862, '5', 84, 0, NULL, '2025-04-04 10:07:58'),
(863, '6', 84, 0, NULL, '2025-04-04 10:07:58'),
(864, '7', 84, 0, NULL, '2025-04-04 10:07:58'),
(865, '8', 84, 0, NULL, '2025-04-04 10:07:58'),
(866, '9', 84, 0, NULL, '2025-04-04 10:07:58'),
(867, '10', 84, 0, NULL, '2025-04-04 10:07:58'),
(868, '11', 84, 0, NULL, '2025-04-04 10:07:58'),
(869, '12', 84, 0, NULL, '2025-04-04 10:07:58'),
(870, '13', 84, 0, NULL, '2025-04-04 10:07:58'),
(871, '14', 84, 0, NULL, '2025-04-04 10:07:58'),
(872, '15', 84, 0, NULL, '2025-04-04 10:07:58'),
(873, '16', 84, 0, NULL, '2025-04-04 10:07:58'),
(874, '17', 84, 0, NULL, '2025-04-04 10:07:58'),
(875, '18', 84, 0, NULL, '2025-04-04 10:07:58'),
(876, '1', 25, 0, NULL, '2025-04-04 10:14:44'),
(877, '2', 25, 0, NULL, '2025-04-04 10:14:44'),
(878, '3', 25, 0, NULL, '2025-04-04 10:14:44'),
(879, '4', 25, 0, NULL, '2025-04-04 10:14:44'),
(880, '5', 25, 0, NULL, '2025-04-04 10:14:44'),
(881, '6', 25, 0, NULL, '2025-04-04 10:14:44'),
(882, '7', 25, 0, NULL, '2025-04-04 10:14:44'),
(883, '8', 25, 0, NULL, '2025-04-04 10:14:44'),
(884, '9', 25, 0, NULL, '2025-04-04 10:14:44'),
(885, '10', 25, 0, NULL, '2025-04-04 10:14:44'),
(886, '11', 25, 0, NULL, '2025-04-04 10:14:44'),
(887, '12', 25, 0, NULL, '2025-04-04 10:14:44'),
(888, '13', 25, 0, NULL, '2025-04-04 10:14:44'),
(889, '14', 25, 0, NULL, '2025-04-04 10:14:44'),
(890, '15', 25, 0, NULL, '2025-04-04 10:14:44'),
(891, '16', 25, 0, NULL, '2025-04-04 10:14:44'),
(892, '17', 25, 0, NULL, '2025-04-04 10:14:44'),
(893, '18', 25, 0, NULL, '2025-04-04 10:14:44'),
(894, '19', 25, 0, NULL, '2025-04-04 10:14:44'),
(895, '20', 25, 0, NULL, '2025-04-04 10:14:44'),
(896, '21', 25, 0, NULL, '2025-04-04 10:14:44'),
(897, '22', 25, 0, NULL, '2025-04-04 10:14:44'),
(898, '1', 81, 0, NULL, '2025-04-04 10:30:28'),
(899, '2', 81, 0, NULL, '2025-04-04 10:30:28'),
(900, '3', 81, 0, NULL, '2025-04-04 10:30:28'),
(901, '4', 81, 0, NULL, '2025-04-04 10:30:28'),
(902, '5', 81, 0, NULL, '2025-04-04 10:30:28'),
(903, '6', 81, 0, NULL, '2025-04-04 10:30:28'),
(904, '7', 81, 0, NULL, '2025-04-04 10:30:28'),
(905, '8', 81, 0, NULL, '2025-04-04 10:30:28'),
(906, '9', 81, 0, NULL, '2025-04-04 10:30:28'),
(907, '10', 81, 0, NULL, '2025-04-04 10:30:28'),
(908, '11', 81, 0, NULL, '2025-04-04 10:30:28'),
(909, '12', 81, 0, NULL, '2025-04-04 10:30:28'),
(910, '13', 81, 0, NULL, '2025-04-04 10:30:28'),
(911, '1', 6, 0, NULL, '2025-04-04 10:46:00'),
(912, '2', 6, 0, NULL, '2025-04-04 10:46:00'),
(913, '3', 6, 0, NULL, '2025-04-04 10:46:00'),
(914, '4', 6, 0, NULL, '2025-04-04 10:46:00'),
(915, '5', 6, 0, NULL, '2025-04-04 10:46:00'),
(916, '6', 6, 0, NULL, '2025-04-04 10:46:00'),
(917, '7', 6, 0, NULL, '2025-04-04 10:46:00'),
(918, '8', 6, 0, NULL, '2025-04-04 10:46:00'),
(919, '9', 6, 0, NULL, '2025-04-04 10:46:00'),
(920, '10', 6, 0, NULL, '2025-04-04 10:46:00'),
(921, '11', 6, 0, NULL, '2025-04-04 10:46:00'),
(922, '12', 6, 0, NULL, '2025-04-04 10:46:00'),
(923, '13', 6, 0, NULL, '2025-04-04 10:46:00'),
(924, '14', 6, 0, NULL, '2025-04-04 10:46:00'),
(925, '15', 6, 0, NULL, '2025-04-04 10:46:00'),
(926, '16', 6, 0, NULL, '2025-04-04 10:46:00'),
(927, '17', 6, 0, NULL, '2025-04-04 10:46:00'),
(928, '18', 6, 0, NULL, '2025-04-04 10:46:00'),
(929, '19', 6, 0, NULL, '2025-04-04 10:46:00'),
(930, '20', 6, 0, NULL, '2025-04-04 10:46:00'),
(931, '21', 6, 0, NULL, '2025-04-04 10:46:00'),
(932, '22', 6, 0, NULL, '2025-04-04 10:46:00'),
(933, '23', 6, 0, NULL, '2025-04-04 10:46:00'),
(934, '24', 6, 0, NULL, '2025-04-04 10:46:00'),
(935, '25', 6, 0, NULL, '2025-04-04 10:46:00'),
(936, '26', 6, 0, NULL, '2025-04-04 10:46:00'),
(937, '27', 6, 0, NULL, '2025-04-04 10:46:00'),
(938, '28', 6, 0, NULL, '2025-04-04 10:46:00'),
(939, '29', 6, 0, NULL, '2025-04-04 10:46:00'),
(940, '30', 6, 0, NULL, '2025-04-04 10:46:00'),
(941, '31', 6, 0, NULL, '2025-04-04 10:46:00'),
(942, '32', 6, 0, NULL, '2025-04-04 10:46:00'),
(943, '33', 6, 0, NULL, '2025-04-04 10:46:00'),
(944, '34', 6, 0, NULL, '2025-04-04 10:46:00'),
(945, '35', 6, 0, NULL, '2025-04-04 10:46:00'),
(946, '36', 6, 0, NULL, '2025-04-04 10:46:00'),
(947, '37', 6, 0, NULL, '2025-04-04 10:46:00'),
(948, '38', 6, 0, NULL, '2025-04-04 10:46:00'),
(949, '39', 6, 0, NULL, '2025-04-04 10:46:00'),
(950, '40', 6, 0, NULL, '2025-04-04 10:46:00'),
(951, '41', 6, 0, NULL, '2025-04-04 10:46:00'),
(952, '42', 6, 0, NULL, '2025-04-04 10:46:00'),
(953, '43', 6, 0, NULL, '2025-04-04 10:46:00'),
(954, '44', 6, 0, NULL, '2025-04-04 10:46:00'),
(955, '45', 6, 0, NULL, '2025-04-04 10:46:00'),
(956, '46', 6, 0, NULL, '2025-04-04 10:46:00'),
(957, '47', 6, 0, NULL, '2025-04-04 10:46:00'),
(958, '48', 6, 0, NULL, '2025-04-04 10:46:00'),
(959, '49', 6, 0, NULL, '2025-04-04 10:46:00'),
(960, '50', 6, 0, NULL, '2025-04-04 10:46:00'),
(961, '51', 6, 0, NULL, '2025-04-04 10:46:00'),
(962, '52', 6, 0, NULL, '2025-04-04 10:46:00'),
(963, '53', 6, 0, NULL, '2025-04-04 10:46:00'),
(964, '54', 6, 0, NULL, '2025-04-04 10:46:00'),
(965, '55', 6, 0, NULL, '2025-04-04 10:46:00'),
(966, '56', 6, 0, NULL, '2025-04-04 10:46:00'),
(967, '57', 6, 0, NULL, '2025-04-04 10:46:00'),
(968, '58', 6, 0, NULL, '2025-04-04 10:46:00'),
(969, '59', 6, 0, NULL, '2025-04-04 10:46:00'),
(970, '60', 6, 0, NULL, '2025-04-04 10:46:00'),
(971, '61', 6, 0, NULL, '2025-04-04 10:46:00'),
(972, '62', 6, 0, NULL, '2025-04-04 10:46:00'),
(973, '63', 6, 0, NULL, '2025-04-04 10:46:00'),
(974, '64', 6, 0, NULL, '2025-04-04 10:46:00'),
(975, '65', 6, 0, NULL, '2025-04-04 10:46:00'),
(976, '66', 6, 0, NULL, '2025-04-04 10:46:00'),
(977, '67', 6, 0, NULL, '2025-04-04 10:46:00'),
(978, '68', 6, 0, NULL, '2025-04-04 10:46:00'),
(979, '69', 6, 0, NULL, '2025-04-04 10:46:00'),
(980, '70', 6, 0, NULL, '2025-04-04 10:46:00'),
(981, '71', 6, 0, NULL, '2025-04-04 10:46:00'),
(982, '72', 6, 0, NULL, '2025-04-04 10:46:00'),
(983, '73', 6, 0, NULL, '2025-04-04 10:46:00'),
(984, '74', 6, 0, NULL, '2025-04-04 10:46:00'),
(985, '75', 6, 0, NULL, '2025-04-04 10:46:00'),
(986, '76', 6, 0, NULL, '2025-04-04 10:46:00'),
(987, '77', 6, 0, NULL, '2025-04-04 10:46:00'),
(988, '78', 6, 0, NULL, '2025-04-04 10:46:00'),
(989, '79', 6, 0, NULL, '2025-04-04 10:46:00'),
(990, '80', 6, 0, NULL, '2025-04-04 10:46:00'),
(991, '81', 6, 0, NULL, '2025-04-04 10:46:00'),
(992, '82', 6, 0, NULL, '2025-04-04 10:46:00'),
(993, '83', 6, 0, NULL, '2025-04-04 10:46:00'),
(994, '84', 6, 0, NULL, '2025-04-04 10:46:00'),
(995, '1', 28, 0, NULL, '2025-04-04 10:47:05'),
(996, '2', 28, 0, NULL, '2025-04-04 10:47:05'),
(997, '3', 28, 0, NULL, '2025-04-04 10:47:05'),
(998, '4', 28, 0, NULL, '2025-04-04 10:47:05'),
(999, '5', 28, 0, NULL, '2025-04-04 10:47:05'),
(1000, '6', 28, 0, NULL, '2025-04-04 10:47:05'),
(1001, '7', 28, 0, NULL, '2025-04-04 10:47:05'),
(1002, '8', 28, 0, NULL, '2025-04-04 10:47:05'),
(1003, '9', 28, 0, NULL, '2025-04-04 10:47:05'),
(1004, '10', 28, 0, NULL, '2025-04-04 10:47:05'),
(1005, '11', 28, 0, NULL, '2025-04-04 10:47:05'),
(1006, '12', 28, 0, NULL, '2025-04-04 10:47:05'),
(1007, '13', 28, 0, NULL, '2025-04-04 10:47:05'),
(1008, '14', 28, 0, NULL, '2025-04-04 10:47:05'),
(1009, '15', 28, 0, NULL, '2025-04-04 10:47:05'),
(1010, '16', 28, 0, NULL, '2025-04-04 10:47:05'),
(1011, '17', 28, 0, NULL, '2025-04-04 10:47:05'),
(1012, '18', 28, 0, NULL, '2025-04-04 10:47:05'),
(1013, '19', 28, 0, NULL, '2025-04-04 10:47:05'),
(1014, '20', 28, 0, NULL, '2025-04-04 10:47:05'),
(1015, '21', 28, 0, NULL, '2025-04-04 10:47:05'),
(1016, '22', 28, 0, NULL, '2025-04-04 10:47:05'),
(1017, '23', 28, 0, NULL, '2025-04-04 10:47:05'),
(1018, '24', 28, 0, NULL, '2025-04-04 10:47:05'),
(1019, '25', 28, 0, NULL, '2025-04-04 10:47:05'),
(1020, '26', 28, 0, NULL, '2025-04-04 10:47:05'),
(1021, '27', 28, 0, NULL, '2025-04-04 10:47:05'),
(1022, '28', 28, 0, NULL, '2025-04-04 10:47:05'),
(1023, '29', 28, 0, NULL, '2025-04-04 10:47:05'),
(1024, '30', 28, 0, NULL, '2025-04-04 10:47:05'),
(1025, '31', 28, 0, NULL, '2025-04-04 10:47:05'),
(1026, '32', 28, 0, NULL, '2025-04-04 10:47:05'),
(1027, '33', 28, 0, NULL, '2025-04-04 10:47:05'),
(1028, '34', 28, 0, NULL, '2025-04-04 10:47:05'),
(1029, '35', 28, 0, NULL, '2025-04-04 10:47:05'),
(1030, '36', 28, 0, NULL, '2025-04-04 10:47:05'),
(1031, '37', 28, 0, NULL, '2025-04-04 10:47:05'),
(1032, '38', 28, 0, NULL, '2025-04-04 10:47:05'),
(1033, '39', 28, 0, NULL, '2025-04-04 10:47:05'),
(1034, '40', 28, 0, NULL, '2025-04-04 10:47:05'),
(1035, '41', 28, 0, NULL, '2025-04-04 10:47:05'),
(1036, '42', 28, 0, NULL, '2025-04-04 10:47:05'),
(1037, '43', 28, 0, NULL, '2025-04-04 10:47:05'),
(1038, '44', 28, 0, NULL, '2025-04-04 10:47:05'),
(1039, '1', 20, 0, NULL, '2025-04-04 10:47:05'),
(1040, '2', 20, 0, NULL, '2025-04-04 10:47:05'),
(1041, '3', 20, 0, NULL, '2025-04-04 10:47:05'),
(1042, '4', 20, 0, NULL, '2025-04-04 10:47:05'),
(1043, '5', 20, 0, NULL, '2025-04-04 10:47:05'),
(1044, '6', 20, 0, NULL, '2025-04-04 10:47:05'),
(1045, '7', 20, 0, NULL, '2025-04-04 10:47:05'),
(1046, '8', 20, 0, NULL, '2025-04-04 10:47:05'),
(1047, '9', 20, 0, NULL, '2025-04-04 10:47:05'),
(1048, '10', 20, 0, NULL, '2025-04-04 10:47:05'),
(1049, '11', 20, 0, NULL, '2025-04-04 10:47:05'),
(1050, '12', 20, 0, NULL, '2025-04-04 10:47:05'),
(1051, '13', 20, 0, NULL, '2025-04-04 10:47:05'),
(1052, '1', 29, 0, NULL, '2025-04-04 10:48:11'),
(1053, '2', 29, 0, NULL, '2025-04-04 10:48:11'),
(1054, '3', 29, 0, NULL, '2025-04-04 10:48:11'),
(1055, '4', 29, 0, NULL, '2025-04-04 10:48:11'),
(1056, '5', 29, 0, NULL, '2025-04-04 10:48:11'),
(1057, '6', 29, 0, NULL, '2025-04-04 10:48:11'),
(1058, '7', 29, 0, NULL, '2025-04-04 10:48:11'),
(1059, '8', 29, 0, NULL, '2025-04-04 10:48:11'),
(1060, '9', 29, 0, NULL, '2025-04-04 10:48:11'),
(1061, '10', 29, 0, NULL, '2025-04-04 10:48:11'),
(1062, '11', 29, 0, NULL, '2025-04-04 10:48:11'),
(1063, '12', 29, 0, NULL, '2025-04-04 10:48:11'),
(1064, '13', 29, 0, NULL, '2025-04-04 10:48:11'),
(1065, '14', 29, 0, NULL, '2025-04-04 10:48:11'),
(1066, '15', 29, 0, NULL, '2025-04-04 10:48:11'),
(1067, '16', 29, 0, NULL, '2025-04-04 10:48:11'),
(1068, '17', 29, 0, NULL, '2025-04-04 10:48:11'),
(1069, '18', 29, 0, NULL, '2025-04-04 10:48:11'),
(1070, '19', 29, 0, NULL, '2025-04-04 10:48:11'),
(1071, '20', 29, 0, NULL, '2025-04-04 10:48:11'),
(1072, '21', 29, 0, NULL, '2025-04-04 10:48:11'),
(1073, '22', 29, 0, NULL, '2025-04-04 10:48:11'),
(1074, '23', 29, 0, NULL, '2025-04-04 10:48:11'),
(1075, '24', 29, 0, NULL, '2025-04-04 10:48:11'),
(1076, '25', 29, 0, NULL, '2025-04-04 10:48:11'),
(1077, '26', 29, 0, NULL, '2025-04-04 10:48:11'),
(1078, '27', 29, 0, NULL, '2025-04-04 10:48:11'),
(1079, '28', 29, 0, NULL, '2025-04-04 10:48:11'),
(1080, '29', 29, 0, NULL, '2025-04-04 10:48:11'),
(1081, '1', 30, 0, NULL, '2025-04-04 10:48:11'),
(1082, '2', 30, 0, NULL, '2025-04-04 10:48:11'),
(1083, '3', 30, 0, NULL, '2025-04-04 10:48:11'),
(1084, '4', 30, 0, NULL, '2025-04-04 10:48:11'),
(1085, '5', 30, 0, NULL, '2025-04-04 10:48:11'),
(1086, '6', 30, 0, NULL, '2025-04-04 10:48:11'),
(1087, '7', 30, 0, NULL, '2025-04-04 10:48:11'),
(1088, '8', 30, 0, NULL, '2025-04-04 10:48:11'),
(1089, '9', 30, 0, NULL, '2025-04-04 10:48:11'),
(1090, '10', 30, 0, NULL, '2025-04-04 10:48:11'),
(1091, '11', 30, 0, NULL, '2025-04-04 10:48:11'),
(1092, '12', 30, 0, NULL, '2025-04-04 10:48:11'),
(1093, '13', 30, 0, NULL, '2025-04-04 10:48:11'),
(1094, '14', 30, 0, NULL, '2025-04-04 10:48:11'),
(1095, '15', 30, 0, NULL, '2025-04-04 10:48:11'),
(1096, '16', 30, 0, NULL, '2025-04-04 10:48:11'),
(1097, '1', 31, 0, NULL, '2025-04-04 10:48:11'),
(1098, '2', 31, 0, NULL, '2025-04-04 10:48:11'),
(1099, '3', 31, 0, NULL, '2025-04-04 10:48:11'),
(1100, '4', 31, 0, NULL, '2025-04-04 10:48:11'),
(1101, '5', 31, 0, NULL, '2025-04-04 10:48:11'),
(1102, '6', 31, 0, NULL, '2025-04-04 10:48:11'),
(1103, '7', 31, 0, NULL, '2025-04-04 10:48:11'),
(1104, '8', 31, 0, NULL, '2025-04-04 10:48:11'),
(1105, '9', 31, 0, NULL, '2025-04-04 10:48:11'),
(1106, '10', 31, 0, NULL, '2025-04-04 10:48:11'),
(1107, '11', 31, 0, NULL, '2025-04-04 10:48:11'),
(1108, '12', 31, 0, NULL, '2025-04-04 10:48:11'),
(1109, '13', 31, 0, NULL, '2025-04-04 10:48:11'),
(1110, '14', 31, 0, NULL, '2025-04-04 10:48:11'),
(1111, '15', 31, 0, NULL, '2025-04-04 10:48:11'),
(1112, '16', 31, 0, NULL, '2025-04-04 10:48:11'),
(1113, '17', 31, 0, NULL, '2025-04-04 10:48:11'),
(1114, '18', 31, 0, NULL, '2025-04-04 10:48:11'),
(1115, '19', 31, 0, NULL, '2025-04-04 10:48:11'),
(1116, '20', 31, 0, NULL, '2025-04-04 10:48:11'),
(1117, '21', 31, 0, NULL, '2025-04-04 10:48:11'),
(1118, '1', 32, 0, NULL, '2025-04-04 10:48:11'),
(1119, '2', 32, 0, NULL, '2025-04-04 10:48:11'),
(1120, '3', 32, 0, NULL, '2025-04-04 10:48:11'),
(1121, '4', 32, 0, NULL, '2025-04-04 10:48:11'),
(1122, '5', 32, 0, NULL, '2025-04-04 10:48:11'),
(1123, '6', 32, 0, NULL, '2025-04-04 10:48:11'),
(1124, '7', 32, 0, NULL, '2025-04-04 10:48:11'),
(1125, '8', 32, 0, NULL, '2025-04-04 10:48:11'),
(1126, '9', 32, 0, NULL, '2025-04-04 10:48:11'),
(1127, '10', 32, 0, NULL, '2025-04-04 10:48:11'),
(1128, '1', 33, 0, NULL, '2025-04-04 10:48:11'),
(1129, '2', 33, 0, NULL, '2025-04-04 10:48:11'),
(1130, '3', 33, 0, NULL, '2025-04-04 10:48:11'),
(1131, '4', 33, 0, NULL, '2025-04-04 10:48:11'),
(1132, '5', 33, 0, NULL, '2025-04-04 10:48:11'),
(1133, '6', 33, 0, NULL, '2025-04-04 10:48:11'),
(1134, '7', 33, 0, NULL, '2025-04-04 10:48:11'),
(1135, '8', 33, 0, NULL, '2025-04-04 10:48:11'),
(1138, '1', 34, 0, NULL, '2025-04-04 10:48:11'),
(1139, '2', 34, 0, NULL, '2025-04-04 10:48:11'),
(1140, '3', 34, 0, NULL, '2025-04-04 10:48:11'),
(1141, '4', 34, 0, NULL, '2025-04-04 10:48:11'),
(1142, '5', 34, 0, NULL, '2025-04-04 10:48:11'),
(1143, '6', 34, 0, NULL, '2025-04-04 10:48:11'),
(1144, '1', 12, 0, NULL, '2025-04-04 11:55:42'),
(1145, '2', 12, 0, NULL, '2025-04-04 11:55:42'),
(1146, '3', 12, 0, NULL, '2025-04-04 11:55:42'),
(1147, '4', 12, 0, NULL, '2025-04-04 11:55:42'),
(1148, '5', 12, 0, NULL, '2025-04-04 11:55:42'),
(1149, '6', 12, 0, NULL, '2025-04-04 11:55:42'),
(1150, '7', 12, 0, NULL, '2025-04-04 11:55:42'),
(1151, '8', 12, 0, NULL, '2025-04-04 11:55:42'),
(1152, '9', 12, 0, NULL, '2025-04-04 11:55:42'),
(1153, '10', 12, 0, NULL, '2025-04-04 11:55:42'),
(1154, '11', 12, 0, NULL, '2025-04-04 11:55:42'),
(1155, '12', 12, 0, NULL, '2025-04-04 11:55:42'),
(1156, '13', 12, 0, NULL, '2025-04-04 11:55:42'),
(1157, '1', 86, 0, NULL, '2025-04-04 12:03:09'),
(1158, '2', 86, 0, NULL, '2025-04-04 12:03:09'),
(1159, '3', 86, 0, NULL, '2025-04-04 12:03:09'),
(1160, '4', 86, 0, NULL, '2025-04-04 12:03:09'),
(1161, '5', 86, 0, NULL, '2025-04-04 12:03:09'),
(1162, '6', 86, 0, NULL, '2025-04-04 12:03:09'),
(1163, '7', 86, 0, NULL, '2025-04-04 12:03:09'),
(1164, '8', 86, 0, NULL, '2025-04-04 12:03:09'),
(1165, '9', 86, 0, NULL, '2025-04-04 12:03:09'),
(1166, '10', 86, 0, NULL, '2025-04-04 12:03:09'),
(1167, '11', 86, 0, NULL, '2025-04-04 12:03:09'),
(1168, '12', 86, 0, NULL, '2025-04-04 12:03:09'),
(1169, '13', 86, 0, NULL, '2025-04-04 12:03:09'),
(1170, '14', 86, 0, NULL, '2025-04-04 12:03:09'),
(1171, '1', 87, 0, NULL, '2025-04-04 13:09:40'),
(1172, '2', 87, 0, NULL, '2025-04-04 13:09:40'),
(1173, '3', 87, 0, NULL, '2025-04-04 13:09:40'),
(1174, '4', 87, 0, NULL, '2025-04-04 13:09:40'),
(1175, '5', 87, 0, NULL, '2025-04-04 13:09:40'),
(1176, '6', 87, 0, NULL, '2025-04-04 13:09:40'),
(1177, '7', 87, 0, NULL, '2025-04-04 13:09:40'),
(1178, '8', 87, 0, NULL, '2025-04-04 13:09:40'),
(1179, '9', 87, 0, NULL, '2025-04-04 13:09:40'),
(1180, '10', 87, 0, NULL, '2025-04-04 13:09:40'),
(1181, '1', 88, 0, NULL, '2025-04-04 13:13:36'),
(1182, '2', 88, 0, NULL, '2025-04-04 13:13:36'),
(1183, '3', 88, 0, NULL, '2025-04-04 13:13:36'),
(1184, '4', 88, 0, NULL, '2025-04-04 13:13:36'),
(1185, '5', 88, 0, NULL, '2025-04-04 13:13:36'),
(1186, '6', 88, 0, NULL, '2025-04-04 13:13:36'),
(1187, '7', 88, 0, NULL, '2025-04-04 13:13:36'),
(1188, '8', 88, 0, NULL, '2025-04-04 13:13:36'),
(1189, '9', 88, 0, NULL, '2025-04-04 13:13:36'),
(1190, '10', 88, 0, NULL, '2025-04-04 13:13:36'),
(1191, '11', 88, 0, NULL, '2025-04-04 13:13:36'),
(1192, '12', 88, 0, NULL, '2025-04-04 13:13:36'),
(1193, '13', 88, 0, NULL, '2025-04-04 13:13:36'),
(1194, '1', 26, 0, NULL, '2025-04-04 13:17:17'),
(1195, '2', 26, 0, NULL, '2025-04-04 13:17:17'),
(1196, '3', 26, 0, NULL, '2025-04-04 13:17:17'),
(1197, '4', 26, 0, NULL, '2025-04-04 13:17:17'),
(1198, '5', 26, 0, NULL, '2025-04-04 13:17:17'),
(1199, '6', 26, 0, NULL, '2025-04-04 13:17:17'),
(1200, '7', 26, 0, NULL, '2025-04-04 13:17:17'),
(1201, '8', 26, 0, NULL, '2025-04-04 13:17:17'),
(1202, '9', 26, 0, NULL, '2025-04-04 13:17:17'),
(1203, '10', 26, 0, NULL, '2025-04-04 13:17:17'),
(1204, '11', 26, 0, NULL, '2025-04-04 13:17:17'),
(1205, '12', 26, 0, NULL, '2025-04-04 13:17:17'),
(1206, '13', 26, 0, NULL, '2025-04-04 13:17:17'),
(1207, '14', 26, 0, NULL, '2025-04-04 13:17:17'),
(1208, '15', 26, 0, NULL, '2025-04-04 13:17:17'),
(1209, '16', 26, 0, NULL, '2025-04-04 13:17:17'),
(1210, '17', 26, 0, NULL, '2025-04-04 13:17:17'),
(1211, '18', 26, 0, NULL, '2025-04-04 13:17:17'),
(1212, '19', 26, 0, NULL, '2025-04-04 13:17:17'),
(1213, '20', 26, 0, NULL, '2025-04-04 13:17:17'),
(1214, '21', 26, 0, NULL, '2025-04-04 13:17:17'),
(1215, '22', 26, 0, NULL, '2025-04-04 13:17:17'),
(1216, '1', 85, 0, NULL, '2025-04-04 13:29:03'),
(1217, '2', 85, 0, NULL, '2025-04-04 13:29:03'),
(1218, '3', 85, 0, NULL, '2025-04-04 13:29:03'),
(1219, '4', 85, 0, NULL, '2025-04-04 13:29:03'),
(1220, '5', 85, 0, NULL, '2025-04-04 13:29:03'),
(1221, '6', 85, 0, NULL, '2025-04-04 13:29:03'),
(1222, '7', 85, 0, NULL, '2025-04-04 13:29:03'),
(1223, '8', 85, 0, NULL, '2025-04-04 13:29:03'),
(1224, '9', 85, 0, NULL, '2025-04-04 13:29:03'),
(1225, '10', 85, 0, NULL, '2025-04-04 13:29:03'),
(1226, '11', 85, 0, NULL, '2025-04-04 13:29:03');
INSERT INTO `chapters` (`id`, `name`, `subject_id`, `status`, `completed_by`, `created_at`) VALUES
(1227, '12', 85, 0, NULL, '2025-04-04 13:29:03'),
(1228, '13', 85, 0, NULL, '2025-04-04 13:29:03'),
(1229, '14', 85, 0, NULL, '2025-04-04 13:29:03'),
(1230, '15', 85, 0, NULL, '2025-04-04 13:29:03'),
(1231, '16', 85, 0, NULL, '2025-04-04 13:29:03');

-- --------------------------------------------------------

--
-- Table structure for table `classes`
--

CREATE TABLE `classes` (
  `id` int(11) NOT NULL,
  `name` varchar(255) NOT NULL,
  `created_at` timestamp NOT NULL DEFAULT current_timestamp()
) ENGINE=InnoDB DEFAULT CHARSET=utf8mb4 COLLATE=utf8mb4_general_ci;

--
-- Dumping data for table `classes`
--

INSERT INTO `classes` (`id`, `name`, `created_at`) VALUES
(1, 'Class 1', '2025-03-29 06:34:58'),
(2, 'Class 2', '2025-03-29 06:34:58'),
(3, 'Class 3', '2025-03-29 06:34:58'),
(4, 'Class 4', '2025-03-29 06:34:58'),
(5, 'Class 5', '2025-03-29 06:34:58'),
(6, 'Class 6', '2025-03-29 06:34:58'),
(7, 'Class 7', '2025-03-29 06:34:58'),
(8, 'Class 8', '2025-03-29 06:34:58'),
(9, 'Class 9', '2025-03-29 06:34:58'),
(10, 'Class 10', '2025-03-29 06:34:58'),
(11, 'Class 11', '2025-03-29 06:34:58'),
(12, 'Class 12', '2025-03-29 06:34:58');

-- --------------------------------------------------------

--
-- Table structure for table `progress`
--

CREATE TABLE `progress` (
  `id` int(11) NOT NULL,
  `user_id` int(11) NOT NULL,
  `class_id` int(11) NOT NULL,
  `subject_id` int(11) NOT NULL,
  `chapter_id` int(11) DEFAULT NULL,
  `topic_id` int(11) DEFAULT NULL,
  `time` bigint(255) NOT NULL,
  `status` varchar(255) DEFAULT '0'
) ENGINE=InnoDB DEFAULT CHARSET=utf8mb4 COLLATE=utf8mb4_general_ci;

-- --------------------------------------------------------

--
-- Table structure for table `progress1`
--

CREATE TABLE `progress1` (
  `id` bigint(50) NOT NULL,
  `user_id` bigint(50) NOT NULL,
  `class_id` bigint(50) NOT NULL,
  `subject_id` bigint(50) NOT NULL,
  `chapter_id` bigint(50) NOT NULL,
  `topic_id` bigint(50) NOT NULL,
  `status` varchar(255) NOT NULL
) ENGINE=InnoDB DEFAULT CHARSET=utf8mb4 COLLATE=utf8mb4_general_ci;

--
-- Dumping data for table `progress1`
--

INSERT INTO `progress1` (`id`, `user_id`, `class_id`, `subject_id`, `chapter_id`, `topic_id`, `status`) VALUES
(1, 14, 1, 1, 13, 13, 'Completed'),
(2, 14, 1, 1, 13, 13, 'Completed'),
(3, 14, 1, 1, 13, 13, 'Completed'),
(4, 14, 1, 1, 13, 13, 'Completed'),
(5, 14, 1, 1, 13, 13, 'Completed'),
(6, 14, 1, 1, 13, 13, 'Completed'),
(7, 14, 1, 1, 13, 13, 'Completed');

-- --------------------------------------------------------

--
-- Table structure for table `subjects`
--

CREATE TABLE `subjects` (
  `id` int(11) NOT NULL,
  `name` varchar(255) NOT NULL,
  `class_id` int(11) NOT NULL,
  `created_at` timestamp NOT NULL DEFAULT current_timestamp()
) ENGINE=InnoDB DEFAULT CHARSET=utf8mb4 COLLATE=utf8mb4_general_ci;

--
-- Dumping data for table `subjects`
--

INSERT INTO `subjects` (`id`, `name`, `class_id`, `created_at`) VALUES
(1, 'Mathematics', 1, '2025-03-29 07:36:39'),
(2, 'Mathematics', 2, '2025-03-29 07:36:39'),
(3, 'Mathematics', 3, '2025-03-29 07:36:39'),
(4, 'Mathematics', 4, '2025-03-29 07:36:39'),
(5, 'Mathematics', 5, '2025-03-29 07:36:39'),
(6, 'Mathematics', 6, '2025-03-29 07:36:39'),
(7, 'Mathematics', 7, '2025-03-29 07:36:39'),
(8, 'Mathematics', 8, '2025-03-29 07:36:39'),
(9, 'Mathematics', 9, '2025-03-29 07:36:39'),
(10, 'Mathematics', 10, '2025-03-29 07:36:39'),
(11, 'Mathematics', 11, '2025-03-29 07:36:39'),
(12, 'Mathematics', 12, '2025-03-29 07:36:39'),
(15, 'English', 1, '2025-03-29 07:55:28'),
(16, 'English', 2, '2025-03-29 07:55:28'),
(17, 'English', 3, '2025-03-29 07:55:28'),
(18, 'English', 4, '2025-03-29 07:55:28'),
(19, 'English', 5, '2025-03-29 07:55:28'),
(20, 'English', 6, '2025-03-29 07:55:28'),
(21, 'English', 7, '2025-03-29 07:55:28'),
(22, 'English', 8, '2025-03-29 07:55:28'),
(23, 'English', 9, '2025-03-29 07:55:28'),
(24, 'English', 10, '2025-03-29 07:55:28'),
(25, 'English', 11, '2025-03-29 07:56:12'),
(26, 'English', 12, '2025-03-29 07:56:12'),
(27, 'EVS', 5, '2025-03-29 07:57:07'),
(28, 'Science', 6, '2025-03-29 07:59:43'),
(29, 'English Grammer', 6, '2025-03-29 07:59:43'),
(30, 'Hindi', 6, '2025-03-29 07:59:43'),
(31, 'Hindi Grammer', 6, '2025-03-29 07:59:43'),
(32, 'History', 6, '2025-03-29 07:59:43'),
(33, 'Civics', 6, '2025-03-29 07:59:43'),
(34, 'Geography', 6, '2025-03-29 07:59:43'),
(35, 'Hindi', 4, '2025-03-29 08:00:44'),
(36, 'EVS', 4, '2025-03-29 08:00:44'),
(37, 'EVS', 3, '2025-03-29 08:01:33'),
(38, 'HIndi', 3, '2025-03-29 08:01:33'),
(39, 'Hindi', 2, '2025-03-29 08:02:38'),
(40, 'Hindi Grammer', 2, '2025-03-29 08:02:38'),
(41, 'Hindi', 1, '2025-03-29 08:02:53'),
(42, 'Hindi Grammer', 1, '2025-03-29 08:02:53'),
(56, 'Science', 7, '2025-03-29 08:09:10'),
(57, 'English Grammer', 7, '2025-03-29 08:09:10'),
(58, 'History', 7, '2025-03-29 08:09:10'),
(59, 'Civics', 7, '2025-03-29 08:09:10'),
(60, 'Geography', 7, '2025-03-29 08:09:10'),
(61, 'Science', 8, '2025-03-29 08:10:15'),
(62, 'English Grammer', 8, '2025-03-29 08:10:15'),
(63, 'Hindi Grammer', 8, '2025-03-29 08:10:15'),
(64, 'Hindi', 8, '2025-03-29 08:10:15'),
(65, 'History', 8, '2025-03-29 08:10:15'),
(66, 'Civics', 8, '2025-03-29 08:10:15'),
(67, 'Geography', 8, '2025-03-29 08:10:15'),
(68, 'Science', 9, '2025-03-29 08:13:17'),
(69, 'English Grammer', 9, '2025-03-29 08:13:17'),
(70, 'Hindi', 9, '2025-03-29 08:13:17'),
(71, 'History', 9, '2025-03-29 08:13:17'),
(72, 'Geography', 9, '2025-03-29 08:13:17'),
(73, 'Political Science', 9, '2025-03-29 08:13:17'),
(74, 'Economics', 9, '2025-03-29 08:13:17'),
(75, 'Science', 10, '2025-03-29 08:14:02'),
(76, 'Hindi', 10, '2025-03-29 08:14:02'),
(77, 'History', 10, '2025-03-29 08:14:02'),
(78, 'Geography', 10, '2025-03-29 08:14:02'),
(79, 'Political Science', 10, '2025-03-29 08:14:02'),
(80, 'Economics', 10, '2025-03-29 08:14:02'),
(81, 'Hindi', 11, '2025-03-29 08:15:06'),
(82, 'Physics', 11, '2025-03-29 08:15:06'),
(83, 'Chemistry', 11, '2025-03-29 08:15:06'),
(84, 'Biology', 11, '2025-03-29 08:15:06'),
(85, 'Hindi', 12, '2025-03-29 08:15:42'),
(86, 'Physics', 12, '2025-03-29 08:15:42'),
(87, 'Chemistry', 12, '2025-03-29 08:15:42'),
(88, 'Biology', 12, '2025-03-29 08:15:42');

-- --------------------------------------------------------

--
-- Table structure for table `subtopics`
--

CREATE TABLE `subtopics` (
  `id` int(11) NOT NULL,
  `name` varchar(255) NOT NULL,
  `topic_id` int(11) NOT NULL,
  `status` tinyint(1) DEFAULT 0,
  `completed_by` int(11) DEFAULT NULL,
  `created_at` timestamp NOT NULL DEFAULT current_timestamp()
) ENGINE=InnoDB DEFAULT CHARSET=utf8mb4 COLLATE=utf8mb4_general_ci;

--
-- Dumping data for table `subtopics`
--

INSERT INTO `subtopics` (`id`, `name`, `topic_id`, `status`, `completed_by`, `created_at`) VALUES
(14, 'Electric Charges and Fields', 63, 0, NULL, '2025-03-31 12:56:25'),
(15, 'Electrostatic Potential and Capacitance', 63, 0, NULL, '2025-03-31 12:56:25'),
(16, 'Current Electricity', 64, 0, NULL, '2025-03-31 12:56:25'),
(17, 'Moving Charges and Magnetism', 65, 0, NULL, '2025-03-31 12:56:25'),
(18, 'Magnetism and Matter', 65, 0, NULL, '2025-03-31 12:56:25'),
(19, 'Electromagnetic Induction', 66, 0, NULL, '2025-03-31 12:56:25'),
(20, 'Alternating Current', 66, 0, NULL, '2025-03-31 12:56:25'),
(21, 'Electromagnetic Waves', 67, 0, NULL, '2025-03-31 12:56:25'),
(22, 'Ray Optics and Optical Instruments', 68, 0, NULL, '2025-03-31 12:56:25'),
(23, 'Wave Optics', 68, 0, NULL, '2025-03-31 12:56:25'),
(24, 'Dual Nature of Radiation and Matter', 69, 0, NULL, '2025-03-31 12:56:25'),
(25, 'Atoms', 70, 0, NULL, '2025-03-31 12:56:25'),
(26, 'Nuclei', 70, 0, NULL, '2025-03-31 12:56:25'),
(27, 'Semiconductor Electronics: Materials, Devices and Simple Circuits', 71, 0, NULL, '2025-03-31 12:56:25'),
(95, 'Unit and Measurements Need for Measurement', 533, 0, NULL, '2025-03-31 13:32:10'),
(96, 'Motion in a Straight Line', 534, 0, NULL, '2025-03-31 13:32:10'),
(97, 'Motion in a Plane', 534, 0, NULL, '2025-03-31 13:32:10'),
(98, 'Laws of Motion', 535, 0, NULL, '2025-03-31 13:32:10'),
(99, 'Work, Energy, and Power', 536, 0, NULL, '2025-03-31 13:32:10'),
(100, 'System of Particles and Rigid Body', 537, 0, NULL, '2025-03-31 13:32:10'),
(101, 'Gravitation', 538, 0, NULL, '2025-03-31 13:32:10'),
(102, 'Mechanical Properties of Solids', 539, 0, NULL, '2025-03-31 13:32:10'),
(103, 'Mechanical Properties of Fluids', 539, 0, NULL, '2025-03-31 13:32:10'),
(104, 'Thermal Properties of Matter', 539, 0, NULL, '2025-03-31 13:32:10'),
(105, 'Thermodynamics', 540, 0, NULL, '2025-03-31 13:32:10'),
(106, 'Kinetic Theory', 541, 0, NULL, '2025-03-31 13:32:10'),
(107, 'Oscillations', 542, 0, NULL, '2025-03-31 13:32:10'),
(108, 'Waves', 542, 0, NULL, '2025-03-31 13:32:10'),
(166, ' Real Number', 564, 0, NULL, '2025-03-31 15:18:44'),
(167, ' Polynomials', 565, 0, NULL, '2025-03-31 15:18:44'),
(168, 'Pair of Linear Equations in Two Variables', 565, 0, NULL, '2025-03-31 15:18:44'),
(169, ' Quadratic Equations', 565, 0, NULL, '2025-03-31 15:18:44'),
(170, ' Arithmetic Progressions', 565, 0, NULL, '2025-03-31 15:18:44'),
(171, 'Coordinate Geometry', 566, 0, NULL, '2025-03-31 15:18:44'),
(172, ' Triangles', 567, 0, NULL, '2025-03-31 15:18:44'),
(173, ' Circles', 567, 0, NULL, '2025-03-31 15:18:44'),
(174, ' Introduction To Trigonometry', 568, 0, NULL, '2025-03-31 15:18:44'),
(175, 'Trigonometric Identities', 568, 0, NULL, '2025-03-31 15:18:44'),
(176, ' Heights and Distances: Angle of elevation,Angle of Depression', 568, 0, NULL, '2025-03-31 15:18:44'),
(177, 'Areas Related to Circles', 569, 0, NULL, '2025-03-31 15:18:44'),
(178, 'Surface Area and Volume', 569, 0, NULL, '2025-03-31 15:18:45'),
(179, ' Statistics', 570, 0, NULL, '2025-03-31 15:18:45'),
(180, ' Probability', 570, 0, NULL, '2025-03-31 15:18:45'),
(227, '1. REAL NUMBERS ', 287, 0, NULL, '2025-03-31 15:52:43'),
(228, '1.  POLYNOMIALS', 288, 0, NULL, '2025-03-31 15:52:45'),
(229, '2. LINEAR EQUATIONS IN TWO VARIABLE', 288, 0, NULL, '2025-03-31 15:52:45'),
(230, '1. REAL NUMBERS ', 287, 0, NULL, '2025-03-31 15:53:40'),
(231, '1. POLYNOMIALS', 288, 0, NULL, '2025-03-31 15:53:40'),
(232, '2. LINEAR EQUATIONS IN TWO VARIABLE', 288, 0, NULL, '2025-03-31 15:53:40'),
(233, '1. COORDINATE GEOMETRY', 289, 0, NULL, '2025-03-31 15:53:40'),
(234, '1. INTRODUCTION TO EUCLIDS GEOMETRY', 290, 0, NULL, '2025-03-31 15:53:41'),
(235, '2. LINES AND ANGLES', 290, 0, NULL, '2025-03-31 15:53:41'),
(236, '3. TRIANGLES', 290, 0, NULL, '2025-03-31 15:53:41'),
(237, '4. QUADRILATERALS', 290, 0, NULL, '2025-03-31 15:53:41'),
(238, '5. CIRCLES', 290, 0, NULL, '2025-03-31 15:53:41'),
(239, '1. AREAS', 291, 0, NULL, '2025-03-31 15:53:41'),
(240, '2. SURFACE AREAS AND VOLUMES ', 291, 0, NULL, '2025-03-31 15:53:41'),
(241, '1. Bar graphs', 292, 0, NULL, '2025-03-31 15:53:41'),
(242, '2. Histograms', 292, 0, NULL, '2025-03-31 15:53:41'),
(243, '3. Frequency Polygons', 292, 0, NULL, '2025-03-31 15:53:41'),
(244, '1.1 Definition of Matter', 348, 0, NULL, '2025-03-31 15:59:56'),
(245, '1.2 Nature of Matter', 348, 0, NULL, '2025-03-31 15:59:56'),
(246, '1.3 Particle Nature and Basic Units', 348, 0, NULL, '2025-03-31 15:59:56'),
(247, '1.4 Structure of Atoms', 348, 0, NULL, '2025-03-31 15:59:56'),
(248, '2.1 Cell - Basic Unit of Life', 349, 0, NULL, '2025-03-31 15:59:56'),
(249, '2.2 Tissues, Organs, Organ System, Organism', 349, 0, NULL, '2025-03-31 15:59:56'),
(250, '3.1 Motion', 350, 0, NULL, '2025-03-31 15:59:56'),
(251, '3.1 Force and Newtons Laws', 350, 0, NULL, '2025-03-31 15:59:56'),
(252, '3.3 Gravitation', 350, 0, NULL, '2025-03-31 15:59:57'),
(253, '3.4 Floatation', 350, 0, NULL, '2025-03-31 15:59:57'),
(254, '3.5 Work, Energy, and Power', 350, 0, NULL, '2025-03-31 15:59:57'),
(255, '3.6 Sound', 350, 0, NULL, '2025-03-31 15:59:57'),
(256, '4.1 Food Production', 351, 0, NULL, '2025-03-31 15:59:57'),
(257, '1.1 Introduction', 613, 0, NULL, '2025-03-31 16:07:05'),
(258, '1.2  Properties of rational numbers', 613, 0, NULL, '2025-03-31 16:07:06'),
(259, '2.1 Introduction', 614, 0, NULL, '2025-03-31 16:07:06'),
(260, ' 2.2 Solving Equations having the Variable on Both Sides', 614, 0, NULL, '2025-03-31 16:07:06'),
(261, '2.3 Reducing equations to a simpler form.', 614, 0, NULL, '2025-03-31 16:07:06'),
(262, '3.1 Introduction', 615, 0, NULL, '2025-03-31 16:07:06'),
(263, '3.2 The sum of the measures of the exterior angles of a polygon', 615, 0, NULL, '2025-03-31 16:07:06'),
(264, '3.3 Kinds of quadrilaterals', 615, 0, NULL, '2025-03-31 16:07:06'),
(265, '3.4 Some special parallelograms', 615, 0, NULL, '2025-03-31 16:07:06'),
(266, '4.1 Looking for information', 616, 0, NULL, '2025-03-31 16:07:06'),
(267, '4.2 Circle graph or pie chart', 616, 0, NULL, '2025-03-31 16:07:06'),
(268, '4.3 Chance and probability', 616, 0, NULL, '2025-03-31 16:07:06'),
(269, '5.1 Introduction', 617, 0, NULL, '2025-03-31 16:07:06'),
(270, '5.2 Properties of square numbers', 617, 0, NULL, '2025-03-31 16:07:06'),
(271, '5.3 Some more interesting patterns', 617, 0, NULL, '2025-03-31 16:07:06'),
(272, '5.4 Finding the square of a number', 617, 0, NULL, '2025-03-31 16:07:06'),
(273, '5.5 Square roots', 617, 0, NULL, '2025-03-31 16:07:06'),
(274, '6.1 Introduction', 618, 0, NULL, '2025-03-31 16:07:06'),
(275, '6.2 Cubes', 618, 0, NULL, '2025-03-31 16:07:06'),
(276, '6.3 Cubes roots', 618, 0, NULL, '2025-03-31 16:07:06'),
(277, '7.1 Recalling ratios and percentages', 619, 0, NULL, '2025-03-31 16:07:06'),
(278, '7.2 Finding discounts', 619, 0, NULL, '2025-03-31 16:07:06'),
(279, '7.3 Sales tax/ value added tax/ goods and services tax', 619, 0, NULL, '2025-03-31 16:07:06'),
(280, '7.4 Compound interest', 619, 0, NULL, '2025-03-31 16:07:06'),
(281, '7.5 Deducing a formula for compound interest', 619, 0, NULL, '2025-03-31 16:07:06'),
(282, '7.6 Applications of compound interest formula', 619, 0, NULL, '2025-03-31 16:07:06'),
(283, '8.1 Addition and subtraction of algebraic expressions', 620, 0, NULL, '2025-03-31 16:07:06'),
(284, '8.2 Multiplication of algebraic expressions: Introduction', 620, 0, NULL, '2025-03-31 16:07:06'),
(285, '8.3 Multiplying a monomial by a monomial', 620, 0, NULL, '2025-03-31 16:07:06'),
(286, '8.4 Multiplying a monomial by a polynomial.', 620, 0, NULL, '2025-03-31 16:07:06'),
(287, '8.5 Multiplying a polynomial by a polynomial', 620, 0, NULL, '2025-03-31 16:07:06'),
(288, '9.1 Introduction', 621, 0, NULL, '2025-03-31 16:07:06'),
(289, '9.2 Area of a Polygon', 621, 0, NULL, '2025-03-31 16:07:06'),
(290, '9.3 Solid shapes', 621, 0, NULL, '2025-03-31 16:07:06'),
(291, '9.4 The surface area of a cube, cuboid, and cylinder', 621, 0, NULL, '2025-03-31 16:07:06'),
(292, '9.5 The volume of cube, cuboid, and cylinder', 621, 0, NULL, '2025-03-31 16:07:06'),
(293, '9.6 Volume and capacity', 621, 0, NULL, '2025-03-31 16:07:06'),
(294, '10.1 Introduction', 622, 0, NULL, '2025-03-31 16:07:06'),
(295, '10.2 Powers with negative exponents', 622, 0, NULL, '2025-03-31 16:07:06'),
(296, '10.3 Laws of exponents', 622, 0, NULL, '2025-03-31 16:07:06'),
(297, '10.4 Use of exponents to express small numbers in standard form', 622, 0, NULL, '2025-03-31 16:07:06'),
(298, '11.1 Introduction', 623, 0, NULL, '2025-03-31 16:07:06'),
(299, '11.2 Direct proportion', 623, 0, NULL, '2025-03-31 16:07:06'),
(300, '11.3 Inverse proportion', 623, 0, NULL, '2025-03-31 16:07:06'),
(301, '12.1 Introduction', 624, 0, NULL, '2025-03-31 16:07:06'),
(302, '12.2 What is factorisation?', 624, 0, NULL, '2025-03-31 16:07:06'),
(303, '12.3 Division of algebraic expressions', 624, 0, NULL, '2025-03-31 16:07:06'),
(304, '12.4 The division of algebraic expressions continued (Polynomial + Polynomial)', 624, 0, NULL, '2025-03-31 16:07:06'),
(305, '13.1 Introduction', 625, 0, NULL, '2025-03-31 16:07:06'),
(306, '13.2 Some applications', 625, 0, NULL, '2025-03-31 16:07:06'),
(307, 'The Best Christmas Present in the World', 638, 0, NULL, '2025-03-31 16:15:29'),
(308, 'The Tsunami', 638, 0, NULL, '2025-03-31 16:15:29'),
(309, 'Glimpses of the Past', 638, 0, NULL, '2025-03-31 16:15:29'),
(310, 'Bepin Choudhurys Lapse of Memory', 638, 0, NULL, '2025-03-31 16:15:29'),
(311, 'The Summit Within', 638, 0, NULL, '2025-03-31 16:15:29'),
(312, 'This is Jodys Fawn', 638, 0, NULL, '2025-03-31 16:15:29'),
(313, 'A Visit to Cambridge', 638, 0, NULL, '2025-03-31 16:15:29'),
(314, 'A Short Monsoon Diary', 638, 0, NULL, '2025-03-31 16:15:29'),
(346, 'The Indian Constitution', 684, 0, NULL, '2025-03-31 16:23:12'),
(347, 'Understanding Secularism', 684, 0, NULL, '2025-03-31 16:23:12'),
(348, 'Parliament and the Making of Laws', 685, 0, NULL, '2025-03-31 16:23:13'),
(349, 'Judiciary', 686, 0, NULL, '2025-03-31 16:23:13'),
(350, 'Understanding Marginalisation', 687, 0, NULL, '2025-03-31 16:23:13'),
(351, 'Confronting Marginalisation', 687, 0, NULL, '2025-03-31 16:23:13'),
(352, 'Public Facilities', 688, 0, NULL, '2025-03-31 16:23:13'),
(353, 'Law and Social Justice', 688, 0, NULL, '2025-03-31 16:23:13'),
(354, '1.1 Properties of addition and subtraction of integers ', 375, 0, NULL, '2025-03-31 16:38:13'),
(355, '1.2 Multiplication of integers ', 375, 0, NULL, '2025-03-31 16:38:13'),
(356, '1.3 Properties of multiplication of integers ', 375, 0, NULL, '2025-03-31 16:38:13'),
(357, '1.4 Division of integers ', 375, 0, NULL, '2025-03-31 16:38:13'),
(358, '1.5 Properties of Division of integers. ', 375, 0, NULL, '2025-03-31 16:38:13'),
(359, '2.1 Multiplication of fractions ', 376, 0, NULL, '2025-03-31 16:38:13'),
(360, '2.2 Division of fractions ', 376, 0, NULL, '2025-03-31 16:38:13'),
(361, '2.3 Multiplication of decimal numbers ', 376, 0, NULL, '2025-03-31 16:38:13'),
(362, '2.4 Division of decimal numbers. ', 376, 0, NULL, '2025-03-31 16:38:13'),
(363, '3.1 Representative values ', 377, 0, NULL, '2025-03-31 16:38:13'),
(364, '3.2 Arithmetic mean ', 377, 0, NULL, '2025-03-31 16:38:13'),
(365, '3.3 Mode ', 377, 0, NULL, '2025-03-31 16:38:13'),
(366, '3.4 Median ', 377, 0, NULL, '2025-03-31 16:38:13'),
(367, '3.5 Use of bar graphs with a different purpose ', 377, 0, NULL, '2025-03-31 16:38:13'),
(368, '4.1 A Mind-Reading Game! ', 378, 0, NULL, '2025-03-31 16:38:13'),
(369, '4.2 Setting up an equation ', 378, 0, NULL, '2025-03-31 16:38:13'),
(370, '4.3 Review of what we know ', 378, 0, NULL, '2025-03-31 16:38:13'),
(371, '4.4 What is the equation? ', 378, 0, NULL, '2025-03-31 16:38:13'),
(372, '4.5 More equations ', 378, 0, NULL, '2025-03-31 16:38:13'),
(373, '4.6 Application of simple equations to practical situations ', 378, 0, NULL, '2025-03-31 16:38:13'),
(374, '5.1 Introduction ', 379, 0, NULL, '2025-03-31 16:38:13'),
(375, '5.2 Related Angles ', 379, 0, NULL, '2025-03-31 16:38:13'),
(376, '5.3 Pair of Lines ', 379, 0, NULL, '2025-03-31 16:38:13'),
(377, '5.4 Checking for parallel lines ', 379, 0, NULL, '2025-03-31 16:38:13'),
(378, '6.1 Introduction ', 380, 0, NULL, '2025-03-31 16:38:13'),
(379, '6.2 Medians of a triangle ', 380, 0, NULL, '2025-03-31 16:38:13'),
(380, '6.3 Altitudes of a triangle ', 380, 0, NULL, '2025-03-31 16:38:13'),
(381, '6.4 An exterior angle of a triangle and its property ', 380, 0, NULL, '2025-03-31 16:38:13'),
(382, '6.5 Angle sum property of a triangle ', 380, 0, NULL, '2025-03-31 16:38:13'),
(383, '6.6 Two special triangles: equilateral and isosceles ', 380, 0, NULL, '2025-03-31 16:38:13'),
(384, '6.7 The sum of the length of two sides of a triangle ', 380, 0, NULL, '2025-03-31 16:38:13'),
(385, '6.8 Right-angled triangles and Pythagoras property ', 380, 0, NULL, '2025-03-31 16:38:13'),
(386, '7.1 Percentage another way of comparing quantities ', 381, 0, NULL, '2025-03-31 16:38:13'),
(387, '7.2 Use of percentages ', 381, 0, NULL, '2025-03-31 16:38:13'),
(388, '7.3 Prices related to an item or buying and selling ', 381, 0, NULL, '2025-03-31 16:38:13'),
(389, '7.4 Charge given on borrowed money or simple interest ', 381, 0, NULL, '2025-03-31 16:38:13'),
(390, '8.1 Introduction ', 382, 0, NULL, '2025-03-31 16:38:13'),
(391, '8.2 Need for rational numbers ', 382, 0, NULL, '2025-03-31 16:38:13'),
(392, '8.3 What are rational numbers? ', 382, 0, NULL, '2025-03-31 16:38:13'),
(393, '8.4 Positive and negative rational numbers ', 382, 0, NULL, '2025-03-31 16:38:13'),
(394, '8.5 Rational numbers on a number line ', 382, 0, NULL, '2025-03-31 16:38:13'),
(395, '8.6 Rational numbers in standard form ', 382, 0, NULL, '2025-03-31 16:38:13'),
(396, '8.7 Comparison of rational numbers ', 382, 0, NULL, '2025-03-31 16:38:13'),
(397, '8.8 Rational numbers between two rational numbers ', 382, 0, NULL, '2025-03-31 16:38:13'),
(398, '8.9 Operations on rational numbers ', 382, 0, NULL, '2025-03-31 16:38:13'),
(399, '9.1 Area of parallelogram ', 383, 0, NULL, '2025-03-31 16:38:13'),
(400, '9.2 Area of triangles ', 383, 0, NULL, '2025-03-31 16:38:13'),
(401, '9.3Circles ', 383, 0, NULL, '2025-03-31 16:38:13'),
(402, '10.1 Introduction ', 384, 0, NULL, '2025-03-31 16:38:13'),
(403, '10.2 How are expressions formed? ', 384, 0, NULL, '2025-03-31 16:38:13'),
(404, '10.3 Terms of an expression ', 384, 0, NULL, '2025-03-31 16:38:13'),
(405, '10.4 Like and unlike terms ', 384, 0, NULL, '2025-03-31 16:38:13'),
(406, '10.5 Monomials, binomials, trinomials, and polynomials ', 384, 0, NULL, '2025-03-31 16:38:13'),
(407, '10.6 Finding the value of an expression ', 384, 0, NULL, '2025-03-31 16:38:13'),
(408, '11.1 Introduction ', 385, 0, NULL, '2025-03-31 16:38:13'),
(409, '11.2 Exponents ', 385, 0, NULL, '2025-03-31 16:38:13'),
(410, '11.3 Laws of exponents ', 385, 0, NULL, '2025-03-31 16:38:13'),
(411, '11.4 Miscellaneous examples using the laws of exponents ', 385, 0, NULL, '2025-03-31 16:38:13'),
(412, '11.5 Decimal number system ', 385, 0, NULL, '2025-03-31 16:38:13'),
(413, '11.6 Expressing large numbers in the standard form ', 385, 0, NULL, '2025-03-31 16:38:13'),
(414, '12.1 Introduction ', 386, 0, NULL, '2025-03-31 16:38:13'),
(415, '12.2 Lines of symmetry for regular polygons ', 386, 0, NULL, '2025-03-31 16:38:13'),
(416, '12.3 Rotational symmetry ', 386, 0, NULL, '2025-03-31 16:38:13'),
(417, '12.4 Line symmetry and rotational symmetry ', 386, 0, NULL, '2025-03-31 16:38:13'),
(418, '13.1 Introduction: Plane figures and solid shapes ', 387, 0, NULL, '2025-03-31 16:38:13'),
(419, '13.2 Faces, edges, and vertices ', 387, 0, NULL, '2025-03-31 16:38:13'),
(420, '13.3 Nets for building 3-D shapes ', 387, 0, NULL, '2025-03-31 16:38:13'),
(421, '13.4 Drawing solids on a flat surface ', 387, 0, NULL, '2025-03-31 16:38:13'),
(422, '13.5 Viewing different sections of a solid ', 387, 0, NULL, '2025-03-31 16:38:13'),
(446, '1.1 Mode of Nutrition in Plants', 411, 0, NULL, '2025-03-31 16:49:09'),
(447, '1.2 Photosynthesis - Food-making process in Plants', 411, 0, NULL, '2025-03-31 16:49:09'),
(448, '1.3 Other Modes of Nutrition in Plants', 412, 0, NULL, '2025-03-31 16:49:09'),
(449, '1.4 Saprotrophs', 412, 0, NULL, '2025-03-31 16:49:09'),
(450, '1.5 How Nutrients are Replenished in the Soil', 412, 0, NULL, '2025-03-31 16:49:09'),
(451, '2.1 Different ways of taking Food', 412, 0, NULL, '2025-03-31 16:49:09'),
(452, '2.2 Digestion in Humans', 412, 0, NULL, '2025-03-31 16:49:10'),
(453, '2.3 Digestion in Grass-Eating Animals', 412, 0, NULL, '2025-03-31 16:49:10'),
(454, '2.4 Feeding and Digestion in Amoeba', 412, 0, NULL, '2025-03-31 16:49:10'),
(455, '3.1 Hot and Cold', 413, 0, NULL, '2025-03-31 16:49:10'),
(456, '3.2 Measuring Temperature', 413, 0, NULL, '2025-03-31 16:49:10'),
(457, '3.3 Laboratory Thermometer', 413, 0, NULL, '2025-03-31 16:49:10'),
(458, '3.4 Transfer of Heat', 413, 0, NULL, '2025-03-31 16:49:10'),
(459, '3.5 Kinds of Clothes We Wear in Summer and Winter', 413, 0, NULL, '2025-03-31 16:49:10'),
(460, '4.1 Acids and Bases', 414, 0, NULL, '2025-03-31 16:49:10'),
(461, '4.2 Natural Indicators Around Us ', 414, 0, NULL, '2025-03-31 16:49:10'),
(462, '4.3 Neutralisation ', 414, 0, NULL, '2025-03-31 16:49:10'),
(463, '4.4 Neutralisation in Everyday Life  ', 414, 0, NULL, '2025-03-31 16:49:10'),
(464, '5.1 Physical Changes ', 415, 0, NULL, '2025-03-31 16:49:10'),
(465, '5.2 Chemical Changes ', 415, 0, NULL, '2025-03-31 16:49:10'),
(466, '5.3 Rusting in Iron ', 415, 0, NULL, '2025-03-31 16:49:10'),
(467, '5.4 Crystallisation ', 415, 0, NULL, '2025-03-31 16:49:10'),
(468, '6.1 Why Do We Respire? ', 416, 0, NULL, '2025-03-31 16:49:10'),
(469, '6.2 Breathing ', 416, 0, NULL, '2025-03-31 16:49:10'),
(470, '6.3 Inhalation ', 416, 0, NULL, '2025-03-31 16:49:10'),
(471, '6.4 Exhalation ', 416, 0, NULL, '2025-03-31 16:49:10'),
(472, '6.5 Breathing in Animals ', 416, 0, NULL, '2025-03-31 16:49:10'),
(473, '6.6 Respiration in Aquatic Animals ', 416, 0, NULL, '2025-03-31 16:49:10'),
(474, '6.7 Respiration in Plants ', 416, 0, NULL, '2025-03-31 16:49:10'),
(475, '7.1 Circulatory System ', 417, 0, NULL, '2025-03-31 16:49:10'),
(476, '7.2 Excretion in Animals ', 417, 0, NULL, '2025-03-31 16:49:10'),
(477, '7.3 Transportation in Plants ', 417, 0, NULL, '2025-03-31 16:49:10'),
(478, '8.1 Types of Reproduction ', 418, 0, NULL, '2025-03-31 16:49:10'),
(479, '8.2 Sexual Reproduction ', 418, 0, NULL, '2025-03-31 16:49:10'),
(480, '8.3 Fruits and Seed Formation ', 418, 0, NULL, '2025-03-31 16:49:10'),
(481, '8.4 Seed Dispersal ', 418, 0, NULL, '2025-03-31 16:49:10'),
(482, '9.1 Slow or Fast ', 419, 0, NULL, '2025-03-31 16:49:10'),
(483, '9.2 Speed ', 419, 0, NULL, '2025-03-31 16:49:10'),
(484, '9.3 Measurement of Time ', 419, 0, NULL, '2025-03-31 16:49:10'),
(485, '9.4 Measuring Speed ', 419, 0, NULL, '2025-03-31 16:49:10'),
(486, '9.5 Distance and Time Graph ', 419, 0, NULL, '2025-03-31 16:49:10'),
(487, '10.1 Symbols of Electronic Components ', 420, 0, NULL, '2025-03-31 16:49:10'),
(488, '10.2 Heating Effect of Electric Current ', 420, 0, NULL, '2025-03-31 16:49:10'),
(489, '10.3 Magnetic Effect of Electric Current ', 420, 0, NULL, '2025-03-31 16:49:10'),
(490, '10.4 Electromagnet ', 420, 0, NULL, '2025-03-31 16:49:10'),
(491, '10.5 Electric Bell ', 420, 0, NULL, '2025-03-31 16:49:10'),
(492, '11.1 Light Travel Along a Straight Line ', 421, 0, NULL, '2025-03-31 16:49:10'),
(493, '11.2 Reflection of Light ', 421, 0, NULL, '2025-03-31 16:49:10'),
(494, '11.3 Right or Left ', 421, 0, NULL, '2025-03-31 16:49:10'),
(495, '11.4 Playing with Spherical Mirrors ', 421, 0, NULL, '2025-03-31 16:49:10'),
(496, '11.5 Image Formation by Lens ', 421, 0, NULL, '2025-03-31 16:49:10'),
(497, '11.6 Sunlight ', 421, 0, NULL, '2025-03-31 16:49:10'),
(498, '12.1 Visit a Forest ', 422, 0, NULL, '2025-03-31 16:49:10'),
(499, '13.1 Water, Our Lifeline ', 423, 0, NULL, '2025-03-31 16:49:10'),
(500, '13.2 What Is Sewage? ', 423, 0, NULL, '2025-03-31 16:49:10'),
(501, '13.3 Water Freshens Up  An Eventful Journey ', 423, 0, NULL, '2025-03-31 16:49:10'),
(502, '13.4 Wastewater Treatment Plant ', 423, 0, NULL, '2025-03-31 16:49:10'),
(503, '13.5 Better House Keeping Practices ', 423, 0, NULL, '2025-03-31 16:49:10'),
(504, '13.6 Sanitation and Disease ', 423, 0, NULL, '2025-03-31 16:49:10'),
(505, '13.7 Alternative Arrangement for Sewage Disposal ', 423, 0, NULL, '2025-03-31 16:49:10'),
(506, '13.8 Sanitation at Public Places. ', 423, 0, NULL, '2025-03-31 16:49:10');

-- --------------------------------------------------------

--
-- Table structure for table `topics`
--

CREATE TABLE `topics` (
  `id` int(11) NOT NULL,
  `name` varchar(255) NOT NULL,
  `chapter_id` int(11) NOT NULL,
  `status` tinyint(1) DEFAULT 0,
  `completed_by` int(11) DEFAULT NULL,
  `created_at` timestamp NOT NULL DEFAULT current_timestamp()
) ENGINE=InnoDB DEFAULT CHARSET=utf8mb4 COLLATE=utf8mb4_general_ci;

--
-- Dumping data for table `topics`
--

INSERT INTO `topics` (`id`, `name`, `chapter_id`, `status`, `completed_by`, `created_at`) VALUES
(1, 'Finding the Furry Cat! (Pre-number Concepts)', 1, 0, NULL, '2025-03-29 14:19:50'),
(2, 'What is Long? What is Round? (Shapes)', 2, 0, NULL, '2025-03-29 14:19:50'),
(3, 'Mango Treat (Numbers 1 to 9)', 3, 0, NULL, '2025-03-29 14:19:50'),
(4, 'Making 10 (Numbers 10 to 20)', 4, 0, NULL, '2025-03-29 14:19:50'),
(5, 'How Many? (Addition and Subtraction of Single Digit Numbers)', 5, 0, NULL, '2025-03-29 14:19:50'),
(6, 'Vegetable Farm (Addition and Subtraction up to 20)', 6, 0, NULL, '2025-03-29 14:19:50'),
(7, 'Linas Family (Measurement)', 7, 0, NULL, '2025-03-29 14:19:50'),
(8, 'Fun with Numbers (Numbers 21 to 99)', 8, 0, NULL, '2025-03-29 14:19:50'),
(9, 'Utsav (Patterns)', 9, 0, NULL, '2025-03-29 14:19:50'),
(10, 'How do I Spend my Day? (Time)', 10, 0, NULL, '2025-03-29 14:19:50'),
(11, 'How Many Times? (Multiplication)', 11, 0, NULL, '2025-03-29 14:19:50'),
(12, 'How Much Can We Spend? (Money)', 12, 0, NULL, '2025-03-29 14:19:50'),
(13, 'Vegetable Farm (Addition and Subtraction up to 20)', 13, 0, NULL, '2025-03-29 14:19:50'),
(14, 'Parivaar', 14, 0, NULL, '2025-03-29 14:37:51'),
(15, 'Meena ka Parivaar', 15, 0, NULL, '2025-03-29 14:37:51'),
(16, 'Chanda Mama Door Ke', 16, 0, NULL, '2025-03-29 14:37:51'),
(17, 'Dada-Dadi', 17, 0, NULL, '2025-03-29 14:37:51'),
(18, 'Reena ka Din', 18, 0, NULL, '2025-03-29 14:37:51'),
(19, 'Rani Bhi', 19, 0, NULL, '2025-03-29 14:37:51'),
(20, 'Jeewan-Jagat', 20, 0, NULL, '2025-03-29 14:37:51'),
(21, 'Murgi Bola Kukdoo-koo', 21, 0, NULL, '2025-03-29 14:37:51'),
(22, 'Mithai', 22, 0, NULL, '2025-03-29 14:37:51'),
(23, 'Teen Saathi', 23, 0, NULL, '2025-03-29 14:37:51'),
(24, 'Vah, Mere Ghode!', 24, 0, NULL, '2025-03-29 14:37:51'),
(25, 'Khatre Mein Saanp', 25, 0, NULL, '2025-03-29 14:37:51'),
(26, 'Kabri Jabri Bakri', 26, 0, NULL, '2025-03-29 14:37:51'),
(27, 'Hamara Khaan-Paan', 27, 0, NULL, '2025-03-29 14:37:51'),
(28, 'Aloo ki Sadak', 28, 0, NULL, '2025-03-29 14:37:51'),
(29, 'Jhoom-Jhooli', 29, 0, NULL, '2025-03-29 14:37:51'),
(30, 'Bhutte', 30, 0, NULL, '2025-03-29 14:37:51'),
(31, 'Phooli Roti', 31, 0, NULL, '2025-03-29 14:37:51'),
(32, 'Tyohar aur Mele', 32, 0, NULL, '2025-03-29 14:37:51'),
(33, 'Mela', 33, 0, NULL, '2025-03-29 14:37:51'),
(34, 'Barakha aur Megha', 34, 0, NULL, '2025-03-29 14:37:51'),
(35, 'Holi', 35, 0, NULL, '2025-03-29 14:37:51'),
(36, 'Janamdin Par Peed Lagao', 36, 0, NULL, '2025-03-29 14:37:51'),
(37, 'Hari-Bhari Duniya', 37, 0, NULL, '2025-03-29 14:37:51'),
(38, 'Hawa', 38, 0, NULL, '2025-03-29 14:37:51'),
(39, 'Kitni Pyari Hai Yeh Duniya', 39, 0, NULL, '2025-03-29 14:37:51'),
(40, 'Chand ka Bachcha', 40, 0, NULL, '2025-03-29 14:37:52'),
(41, 'Akshar Geet', 41, 0, NULL, '2025-03-29 14:37:52'),
(42, 'My Family and me', 42, 0, NULL, '2025-03-29 14:42:18'),
(43, 'Tow Little Hands', 43, 0, NULL, '2025-03-29 14:42:18'),
(44, 'Greetings', 44, 0, NULL, '2025-03-29 14:42:18'),
(45, 'Life Around Us', 45, 0, NULL, '2025-03-29 14:42:18'),
(46, 'Picture Time', 46, 0, NULL, '2025-03-29 14:42:19'),
(47, 'The Cap-Seller and the Monkeys', 47, 0, NULL, '2025-03-29 14:42:19'),
(48, 'A Farm', 48, 0, NULL, '2025-03-29 14:42:19'),
(49, 'Food', 49, 0, NULL, '2025-03-29 14:42:19'),
(50, 'Fun with Pictures', 50, 0, NULL, '2025-03-29 14:42:19'),
(51, 'The Food we Eat', 51, 0, NULL, '2025-03-29 14:42:19'),
(52, 'Seasons', 52, 0, NULL, '2025-03-29 14:42:19'),
(53, 'The Four Seasons', 53, 0, NULL, '2025-03-29 14:42:19'),
(54, 'Anandis Rainbow', 54, 0, NULL, '2025-03-29 14:42:19'),
(55, 'Sangya', 55, 0, NULL, '2025-03-29 14:45:21'),
(56, 'Varn Evan Maatraen', 56, 0, NULL, '2025-03-29 14:45:21'),
(57, 'Vilom Shabd', 57, 0, NULL, '2025-03-29 14:45:21'),
(58, 'Visheshan', 58, 0, NULL, '2025-03-29 14:45:21'),
(59, 'Vachan', 59, 0, NULL, '2025-03-29 14:45:21'),
(60, 'Kriya', 60, 0, NULL, '2025-03-29 14:45:21'),
(61, 'Shabd Aur Vaaky', 61, 0, NULL, '2025-03-29 14:45:22'),
(62, 'Ling', 62, 0, NULL, '2025-03-29 14:45:22'),
(63, 'Sarvanaam', 63, 0, NULL, '2025-03-29 14:45:22'),
(64, 'Saamaany Ashuddhiyaan', 64, 0, NULL, '2025-03-29 14:45:22'),
(65, 'Sankhya Gyan', 65, 0, NULL, '2025-03-29 14:45:22'),
(66, 'Lekhan Abhyas', 66, 0, NULL, '2025-03-29 14:45:22'),
(67, 'Fun with Friends', 78, 0, NULL, '2025-03-29 14:58:36'),
(68, 'Welcome to My World', 79, 0, NULL, '2025-03-29 14:58:36'),
(69, 'Going Places', 80, 0, NULL, '2025-03-29 14:58:36'),
(70, 'Life Around Us', 81, 0, NULL, '2025-03-29 14:58:36'),
(71, 'Harmony', 82, 0, NULL, '2025-03-29 14:58:36'),
(72, 'Neema Ki Dadi', 83, 0, NULL, '2025-03-29 14:58:36'),
(73, 'Ghar', 84, 0, NULL, '2025-03-29 14:58:36'),
(74, 'Mala ki Chandi Ki Payal', 85, 0, NULL, '2025-03-29 14:58:36'),
(75, 'Maa', 86, 0, NULL, '2025-03-29 14:58:36'),
(76, 'Thathoo Aur Main', 87, 0, NULL, '2025-03-29 14:58:36'),
(77, 'Chinta', 88, 0, NULL, '2025-03-29 14:58:36'),
(78, 'Tillo ji', 89, 0, NULL, '2025-03-29 14:58:36'),
(79, 'Teen Dosta', 90, 0, NULL, '2025-03-29 14:58:36'),
(80, 'Duniya Rang-Birangi', 91, 0, NULL, '2025-03-29 14:58:36'),
(81, 'Kaun Solutions', 92, 0, NULL, '2025-03-29 14:58:36'),
(82, 'Baingani Jojo Solutions', 93, 0, NULL, '2025-03-29 14:58:36'),
(83, 'Tosiya Ka Sapana', 94, 0, NULL, '2025-03-29 14:58:36'),
(84, 'Taalaab', 95, 0, NULL, '2025-03-29 14:58:36'),
(85, 'Beej', 96, 0, NULL, '2025-03-29 14:58:36'),
(86, 'kisaan', 97, 0, NULL, '2025-03-29 14:58:36'),
(87, 'Mooli', 98, 0, NULL, '2025-03-29 14:58:36'),
(88, 'Barasat Aur Mendhak', 99, 0, NULL, '2025-03-29 14:58:36'),
(89, 'Sher Aur Choohe Ki Dosti', 100, 0, NULL, '2025-03-29 14:58:36'),
(90, 'Aaut', 101, 0, NULL, '2025-03-29 14:58:36'),
(91, 'Chhupan-Chhupai', 102, 0, NULL, '2025-03-29 14:58:36'),
(92, 'Haathi Saikil Chala Raha Tha', 103, 0, NULL, '2025-03-29 14:58:36'),
(93, 'Chaar Dishaen', 104, 0, NULL, '2025-03-29 14:58:36'),
(94, 'Chanda Maama', 105, 0, NULL, '2025-03-29 14:58:36'),
(95, 'Gire Taal Mein Chanda Maama', 106, 0, NULL, '2025-03-29 14:58:36'),
(96, 'Sabase Bada Chhaata', 107, 0, NULL, '2025-03-29 14:58:36'),
(97, 'Baadal', 108, 0, NULL, '2025-03-29 14:58:36'),
(98, 'Maatraen', 109, 0, NULL, '2025-03-29 14:58:36'),
(99, 'Varn Vichaar', 110, 0, NULL, '2025-03-29 14:58:36'),
(100, 'Shabd Tatha Vaaky', 111, 0, NULL, '2025-03-29 14:58:36'),
(101, 'Kriya', 112, 0, NULL, '2025-03-29 14:58:36'),
(102, 'Vachan', 113, 0, NULL, '2025-03-29 14:58:36'),
(103, 'Sangya', 114, 0, NULL, '2025-03-29 14:58:36'),
(104, 'Sarvanaam', 115, 0, NULL, '2025-03-29 14:58:36'),
(105, 'Visheshan', 116, 0, NULL, '2025-03-29 14:58:36'),
(106, 'A Day at the Beach (Counting in Groups)', 67, 0, NULL, '2025-03-29 14:58:36'),
(107, 'Shapes Around Us (3D Shapes)', 68, 0, NULL, '2025-03-29 14:58:36'),
(108, 'Fun with Numbers (Numbers 1 to 100)', 69, 0, NULL, '2025-03-29 14:58:36'),
(109, 'Shadow Story (2D Shapes)', 70, 0, NULL, '2025-03-29 14:58:36'),
(110, 'Playing with Lines (Orientations of a line)', 71, 0, NULL, '2025-03-29 14:58:36'),
(111, 'Decoration for Festival (Addition and Subtraction)', 72, 0, NULL, '2025-03-29 14:58:36'),
(112, 'Rani\'s Gift (measurement)', 73, 0, NULL, '2025-03-29 14:58:36'),
(113, 'Grouping and Sharing (Multiplication and Division)', 74, 0, NULL, '2025-03-29 14:58:36'),
(114, 'Which Season is it? (Measurement of Time)', 75, 0, NULL, '2025-03-29 14:58:36'),
(115, 'Fun at the Fair (Money)', 76, 0, NULL, '2025-03-29 14:58:36'),
(116, 'Data Handling', 77, 0, NULL, '2025-03-29 14:58:36'),
(117, 'What\'s in a Name?', 117, 0, NULL, '2025-03-29 15:34:01'),
(118, 'Toy Joy', 118, 0, NULL, '2025-03-29 15:34:01'),
(119, 'Double Century', 119, 0, NULL, '2025-03-29 15:34:01'),
(120, 'Vacation with My Nani Maa', 120, 0, NULL, '2025-03-29 15:34:01'),
(121, 'Fun with Shapes', 121, 0, NULL, '2025-03-29 15:34:01'),
(122, 'House of Hundreds - I', 122, 0, NULL, '2025-03-29 15:34:01'),
(123, 'Raksha Bandhan', 123, 0, NULL, '2025-03-29 15:34:01'),
(124, 'Fair Share', 124, 0, NULL, '2025-03-29 15:34:01'),
(125, 'House of Hundreds - II', 125, 0, NULL, '2025-03-29 15:34:01'),
(126, 'Fun at Class Party', 126, 0, NULL, '2025-03-29 15:34:01'),
(127, 'Filling and Lifting', 127, 0, NULL, '2025-03-29 15:34:01'),
(128, 'Give and Take', 128, 0, NULL, '2025-03-29 15:34:01'),
(129, 'Time Goes On', 129, 0, NULL, '2025-03-29 15:34:01'),
(130, 'The Surajkund Fair', 130, 0, NULL, '2025-03-29 15:34:01'),
(131, 'Poonam\'s Day Out', 131, 0, NULL, '2025-03-29 15:34:29'),
(132, 'The Plant Fairy', 132, 0, NULL, '2025-03-29 15:34:29'),
(133, 'Water O\' Water!', 133, 0, NULL, '2025-03-29 15:34:29'),
(134, 'Our First School', 134, 0, NULL, '2025-03-29 15:34:29'),
(135, 'Chhotu\'s House', 135, 0, NULL, '2025-03-29 15:34:29'),
(136, 'Foods we Eat', 136, 0, NULL, '2025-03-29 15:34:29'),
(137, 'Saying Without Speaking', 137, 0, NULL, '2025-03-29 15:34:29'),
(138, 'Flying High', 138, 0, NULL, '2025-03-29 15:34:29'),
(139, 'It\'s Raining', 139, 0, NULL, '2025-03-29 15:34:29'),
(140, 'What Is Cooking', 140, 0, NULL, '2025-03-29 15:34:29'),
(141, 'From Here to There', 141, 0, NULL, '2025-03-29 15:34:29'),
(142, 'Work We Do', 142, 0, NULL, '2025-03-29 15:34:29'),
(143, 'Sharing Our Feelings', 143, 0, NULL, '2025-03-29 15:34:30'),
(144, 'The Story Of Food', 144, 0, NULL, '2025-03-29 15:34:30'),
(145, 'Making Pots', 145, 0, NULL, '2025-03-29 15:34:30'),
(146, 'Games We Play', 146, 0, NULL, '2025-03-29 15:34:30'),
(147, 'Here Comes A Letter', 147, 0, NULL, '2025-03-29 15:34:30'),
(148, 'A House Like This', 148, 0, NULL, '2025-03-29 15:34:30'),
(149, 'Our Friends - Animal', 149, 0, NULL, '2025-03-29 15:34:30'),
(150, 'Drop by Drop', 150, 0, NULL, '2025-03-29 15:34:30'),
(151, 'Families Can Be Different', 151, 0, NULL, '2025-03-29 15:34:30'),
(152, 'Left - Right', 152, 0, NULL, '2025-03-29 15:34:30'),
(153, 'A Beautiful Cloth', 153, 0, NULL, '2025-03-29 15:34:30'),
(154, 'Web Of Life', 154, 0, NULL, '2025-03-29 15:34:30'),
(159, 'Seekho', 159, 0, NULL, '2025-03-29 15:35:25'),
(160, 'Cheenti', 160, 0, NULL, '2025-03-29 15:35:25'),
(161, 'Kitne Pair?', 161, 0, NULL, '2025-03-29 15:35:25'),
(162, 'Baya Hamari Chidiya Rani!', 162, 0, NULL, '2025-03-29 15:35:25'),
(163, 'Aam Ka Ped', 163, 0, NULL, '2025-03-29 15:35:25'),
(164, 'Birbal Ki Khichadi', 164, 0, NULL, '2025-03-29 15:35:25'),
(165, 'Mitr Ko Patra', 165, 0, NULL, '2025-03-29 15:35:25'),
(166, 'Chatur Geedad', 166, 0, NULL, '2025-03-29 15:35:25'),
(167, 'Parakriti', 167, 0, NULL, '2025-03-29 15:35:25'),
(168, 'Rassakashi', 168, 0, NULL, '2025-03-29 15:35:25'),
(169, 'Ek Jadui Pitara', 169, 0, NULL, '2025-03-29 15:35:25'),
(170, 'Apna-Apna kaam', 170, 0, NULL, '2025-03-29 15:35:25'),
(171, 'Pedon Ki Amma \'Shirmakka\'', 171, 0, NULL, '2025-03-29 15:35:25'),
(172, 'Kisaan Ki Hoshiyari', 172, 0, NULL, '2025-03-29 15:35:25'),
(173, 'Bharat', 173, 0, NULL, '2025-03-29 15:35:25'),
(174, 'Chandrayaan', 174, 0, NULL, '2025-03-29 15:35:25'),
(175, 'Bolne Wali Maun', 175, 0, NULL, '2025-03-29 15:35:25'),
(176, 'Hum Anek Kintu Ek', 176, 0, NULL, '2025-03-29 15:35:25'),
(177, 'Building with Bricks', 177, 0, NULL, '2025-03-29 16:08:37'),
(178, 'Long and Short', 178, 0, NULL, '2025-03-29 16:08:37'),
(179, 'A Trip to Bhopal', 179, 0, NULL, '2025-03-29 16:08:37'),
(180, 'Tick-Tick-Tick', 180, 0, NULL, '2025-03-29 16:08:37'),
(181, 'The Way The World Looks', 181, 0, NULL, '2025-03-29 16:08:37'),
(182, 'The Junk Seller', 182, 0, NULL, '2025-03-29 16:08:37'),
(183, 'Jugs and Mugs', 183, 0, NULL, '2025-03-29 16:08:37'),
(184, 'Carts and Wheels', 184, 0, NULL, '2025-03-29 16:08:37'),
(185, 'Halves and Quarters', 185, 0, NULL, '2025-03-29 16:08:37'),
(186, 'Play with Patterns', 186, 0, NULL, '2025-03-29 16:08:37'),
(187, 'Tables and Shares', 187, 0, NULL, '2025-03-29 16:08:37'),
(188, 'How Heavy? How Light?', 188, 0, NULL, '2025-03-29 16:08:37'),
(189, 'Fields and Fences', 189, 0, NULL, '2025-03-29 16:08:37'),
(190, 'Smart Charts', 190, 0, NULL, '2025-03-29 16:08:37'),
(191, 'Wake Up! Neha\'s Alaram clock', 192, 0, NULL, '2025-03-29 16:09:12'),
(192, 'Noses The Little Fir Tree', 193, 0, NULL, '2025-03-29 16:09:12'),
(193, 'Run! Nasruddin\'s Aim', 194, 0, NULL, '2025-03-29 16:09:12'),
(194, 'Why? Alice in wonderland', 195, 0, NULL, '2025-03-29 16:09:12'),
(195, 'Dont Be Afraid of the Dark Helen Keller', 196, 0, NULL, '2025-03-29 16:09:12'),
(196, 'Hiawatha The scholar\'s Mother Tongue', 197, 0, NULL, '2025-03-29 16:09:12'),
(197, 'A Watering Rhyme The Giving Tree', 198, 0, NULL, '2025-03-29 16:09:12'),
(198, 'Books Going to Buy a Book', 199, 0, NULL, '2025-03-29 16:09:12'),
(199, 'The Naughty Boy Pinocchio', 200, 0, NULL, '2025-03-29 16:09:12'),
(200, 'Man ke Bhole-Bhale Baadal', 202, 0, NULL, '2025-03-29 16:09:38'),
(201, 'Jaisa Sawaal Vaisa Javaab', 203, 0, NULL, '2025-03-29 16:09:38'),
(202, 'Kiramich Ki Gend', 204, 0, NULL, '2025-03-29 16:09:38'),
(203, 'Papa Jab Bacche The', 205, 0, NULL, '2025-03-29 16:09:38'),
(204, 'Dost ki Poshak', 206, 0, NULL, '2025-03-29 16:09:38'),
(205, 'Naav Banao Naav Banao', 207, 0, NULL, '2025-03-29 16:09:38'),
(206, 'Daan Ka Hisaab', 208, 0, NULL, '2025-03-29 16:09:38'),
(207, 'Kaun?', 209, 0, NULL, '2025-03-29 16:09:38'),
(208, 'Swatantrata ki Ore', 210, 0, NULL, '2025-03-29 16:09:39'),
(209, 'Thapp Roti Thapp Daal', 211, 0, NULL, '2025-03-29 16:09:39'),
(210, 'Padhakku ki Soojh', 212, 0, NULL, '2025-03-29 16:09:39'),
(211, 'Sunita ki Pahiya Kursi', 213, 0, NULL, '2025-03-29 16:09:39'),
(212, 'Hudhud', 214, 0, NULL, '2025-03-29 16:09:39'),
(213, 'Muft hi Muft', 215, 0, NULL, '2025-03-29 16:09:39'),
(214, 'Going To School', 217, 0, NULL, '2025-03-29 16:10:06'),
(215, 'Ear to Ear', 218, 0, NULL, '2025-03-29 16:10:06'),
(216, 'A day with Nandu', 219, 0, NULL, '2025-03-29 16:10:06'),
(217, 'A Story of Amrita', 220, 0, NULL, '2025-03-29 16:10:06'),
(218, 'Anita and the Honeybees', 221, 0, NULL, '2025-03-29 16:10:06'),
(219, 'Omana\'s Window', 222, 0, NULL, '2025-03-29 16:10:06'),
(220, 'From the Window', 223, 0, NULL, '2025-03-29 16:10:06'),
(221, 'Reaching Grandmother\'s House', 224, 0, NULL, '2025-03-29 16:10:06'),
(222, 'Changing Families', 225, 0, NULL, '2025-03-29 16:10:06'),
(223, 'Hu Tu Tu, Hu Tu Tu', 226, 0, NULL, '2025-03-29 16:10:06'),
(224, 'The Valley of Flower', 227, 0, NULL, '2025-03-29 16:10:07'),
(225, 'Changing Times', 228, 0, NULL, '2025-03-29 16:10:07'),
(226, 'A River\'s Tale', 229, 0, NULL, '2025-03-29 16:10:07'),
(227, 'Bava\'s Farm', 230, 0, NULL, '2025-03-29 16:10:07'),
(228, 'From Market to Home', 231, 0, NULL, '2025-03-29 16:10:07'),
(229, 'A busy Month', 232, 0, NULL, '2025-03-29 16:10:07'),
(230, 'Nandita in Mumbai', 233, 0, NULL, '2025-03-29 16:10:07'),
(231, 'Too Much Water, Too Little Water', 234, 0, NULL, '2025-03-29 16:10:07'),
(232, 'Abdul in the Garden', 235, 0, NULL, '2025-03-29 16:10:07'),
(233, 'Eating Together', 236, 0, NULL, '2025-03-29 16:10:07'),
(234, 'Food and Fun', 237, 0, NULL, '2025-03-29 16:10:07'),
(235, 'The World in My Home', 238, 0, NULL, '2025-03-29 16:10:07'),
(236, 'Pochampalli', 239, 0, NULL, '2025-03-29 16:10:07'),
(237, 'Home and Abroad', 240, 0, NULL, '2025-03-29 16:10:07'),
(238, 'Spicy Riddles', 241, 0, NULL, '2025-03-29 16:10:07'),
(239, 'Defense Officer: Wahida', 242, 0, NULL, '2025-03-29 16:10:07'),
(240, 'Chuskit Goes to School', 243, 0, NULL, '2025-03-29 16:10:07'),
(241, 'The Fish Tale (introduction to Numbers)', 245, 0, NULL, '2025-03-29 16:24:13'),
(242, 'Shapes and Angles', 246, 0, NULL, '2025-03-29 16:24:13'),
(243, 'How Many Wholes (Understanding Fractions)', 247, 0, NULL, '2025-03-29 16:24:13'),
(244, 'Parts and Wholes (Understanding Fractions)', 248, 0, NULL, '2025-03-29 16:24:13'),
(245, 'Does it Look the Same? (Symmetry)', 249, 0, NULL, '2025-03-29 16:24:13'),
(246, 'Be My Multiple, I\'ll be Your Factor', 250, 0, NULL, '2025-03-29 16:24:13'),
(247, 'Can You See the Pattern?', 251, 0, NULL, '2025-03-29 16:24:13'),
(248, 'Mapping Your Way (Introduction to Coordinates)', 252, 0, NULL, '2025-03-29 16:24:14'),
(249, 'Boxes and Sketches (Data Handling)', 253, 0, NULL, '2025-03-29 16:24:14'),
(250, 'Tenths and Hundredths (Decimals)', 254, 0, NULL, '2025-03-29 16:24:14'),
(251, 'Area and its Boundary', 255, 0, NULL, '2025-03-29 16:24:14'),
(252, 'Smart Charts (data Handling)', 256, 0, NULL, '2025-03-29 16:24:14'),
(253, 'Ways to Multiply and Divide', 257, 0, NULL, '2025-03-29 16:24:14'),
(254, 'How Big? How Heavy (Measurement)', 258, 0, NULL, '2025-03-29 16:24:14'),
(255, 'Ice-cream Man, Wonderful Waste', 259, 0, NULL, '2025-03-29 16:24:36'),
(256, 'Teamwork Flying Shadow', 260, 0, NULL, '2025-03-29 16:24:36'),
(257, 'Robinson Crusoe Discovers a Footprint', 261, 0, NULL, '2025-03-29 16:24:36'),
(258, 'Crying, My Elder Brother', 262, 0, NULL, '2025-03-29 16:24:36'),
(259, 'The Lazy Frog  0: Rip Van Winkle', 263, 0, NULL, '2025-03-29 16:24:36'),
(260, 'Class  Discussion, The Talkative Barber', 264, 0, NULL, '2025-03-29 16:24:36'),
(261, 'Gulliver\'s Travels', 265, 0, NULL, '2025-03-29 16:24:36'),
(262, 'Nobody\'s Friend, The Little Bully', 266, 0, NULL, '2025-03-29 16:24:36'),
(263, 'Sing a Song of People', 267, 0, NULL, '2025-03-29 16:24:36'),
(264, 'Malu Bhalu, Who will be Ningtou? ', 268, 0, NULL, '2025-03-29 16:24:36'),
(265, 'Super Senses', 269, 0, NULL, '2025-03-29 16:24:59'),
(266, 'A Snake Charmer\'s Story', 270, 0, NULL, '2025-03-29 16:24:59'),
(267, 'From Tasting to Digesting', 271, 0, NULL, '2025-03-29 16:24:59'),
(268, 'Mangoes Round The Year', 272, 0, NULL, '2025-03-29 16:24:59'),
(269, 'Seeds and Seeds', 273, 0, NULL, '2025-03-29 16:24:59'),
(270, 'Every Drop Counts', 274, 0, NULL, '2025-03-29 16:24:59'),
(271, 'Experiment With Water', 275, 0, NULL, '2025-03-29 16:24:59'),
(272, 'A Treat for Mosquitoes', 276, 0, NULL, '2025-03-29 16:24:59'),
(273, 'Up You Go!', 277, 0, NULL, '2025-03-29 16:24:59'),
(274, 'Walls Tell Stories ', 278, 0, NULL, '2025-03-29 16:24:59'),
(275, 'Sunits in Space', 279, 0, NULL, '2025-03-29 16:24:59'),
(276, 'What if it Finishes..?', 280, 0, NULL, '2025-03-29 16:24:59'),
(277, 'A Shelter So High', 281, 0, NULL, '2025-03-29 16:24:59'),
(278, 'When the Earth Shook', 282, 0, NULL, '2025-03-29 16:24:59'),
(279, 'Blow Hot, Blow Cold', 283, 0, NULL, '2025-03-29 16:24:59'),
(280, 'Who Will Do This Work', 284, 0, NULL, '2025-03-29 16:24:59'),
(281, 'Across the Wall', 285, 0, NULL, '2025-03-29 16:24:59'),
(282, 'No Place for Us', 286, 0, NULL, '2025-03-29 16:24:59'),
(283, 'A Seed Tells a Farmer\'s Story', 287, 0, NULL, '2025-03-29 16:24:59'),
(284, 'Whose Forests', 288, 0, NULL, '2025-03-29 16:24:59'),
(285, 'Like Father, Like Daughter Chapter', 289, 0, NULL, '2025-03-29 16:24:59'),
(286, 'On the Move Again', 290, 0, NULL, '2025-03-29 16:24:59'),
(287, 'Number Systems', 373, 0, NULL, '2025-03-29 16:45:04'),
(288, 'Algebra', 374, 0, NULL, '2025-03-29 16:45:04'),
(289, 'Coordinate Geometry', 375, 0, NULL, '2025-03-29 16:45:04'),
(290, 'Geometry', 376, 0, NULL, '2025-03-29 16:45:04'),
(291, 'Mensuration', 377, 0, NULL, '2025-03-29 16:45:05'),
(292, 'Statistics & Probability Statistics', 378, 0, NULL, '2025-03-29 16:45:05'),
(293, 'The Fun They Had', 379, 0, NULL, '2025-03-29 16:45:25'),
(294, 'The Sound of Music', 380, 0, NULL, '2025-03-29 16:45:25'),
(295, 'The Little Girl', 381, 0, NULL, '2025-03-29 16:45:25'),
(296, 'A Truly Beautiful Mind', 382, 0, NULL, '2025-03-29 16:45:25'),
(297, 'The Snake and the Mirror', 383, 0, NULL, '2025-03-29 16:45:25'),
(298, 'My Childhood', 384, 0, NULL, '2025-03-29 16:45:25'),
(299, 'Reach For The Top', 385, 0, NULL, '2025-03-29 16:45:25'),
(300, 'Kathmandu', 386, 0, NULL, '2025-03-29 16:45:25'),
(301, 'If I Were You', 387, 0, NULL, '2025-03-29 16:45:25'),
(302, 'The Road Not Taken', 388, 0, NULL, '2025-03-29 16:45:25'),
(303, 'Wind', 389, 0, NULL, '2025-03-29 16:45:25'),
(304, 'Rain on The Roof', 390, 0, NULL, '2025-03-29 16:45:25'),
(305, 'The Lake Isle of Innisfree', 391, 0, NULL, '2025-03-29 16:45:25'),
(306, 'A Legend of the Northland', 392, 0, NULL, '2025-03-29 16:45:25'),
(307, 'No Men Are Foreign', 393, 0, NULL, '2025-03-29 16:45:25'),
(308, 'On killing a tree', 394, 0, NULL, '2025-03-29 16:45:25'),
(309, 'A Slumber Did My Spirit Seal', 395, 0, NULL, '2025-03-29 16:45:25'),
(310, 'The Lost Child', 396, 0, NULL, '2025-03-29 16:45:25'),
(311, 'The Adventures of Toto', 397, 0, NULL, '2025-03-29 16:45:25'),
(312, 'Iswaran the Storyteller', 398, 0, NULL, '2025-03-29 16:45:25'),
(313, 'In the Kingdom of fools', 399, 0, NULL, '2025-03-29 16:45:25'),
(314, 'The Happy Prince', 400, 0, NULL, '2025-03-29 16:45:25'),
(315, 'The Last Leaf', 401, 0, NULL, '2025-03-29 16:45:25'),
(316, 'A House is not a Home.', 402, 0, NULL, '2025-03-29 16:45:25'),
(317, 'The Beggar', 403, 0, NULL, '2025-03-29 16:45:25'),
(318, 'Tense', 404, 0, NULL, '2025-03-29 16:45:52'),
(319, 'Modal', 405, 0, NULL, '2025-03-29 16:45:52'),
(320, 'Voice', 406, 0, NULL, '2025-03-29 16:45:52'),
(321, 'Subject-verb', 407, 0, NULL, '2025-03-29 16:45:52'),
(322, 'Verb Concord', 408, 0, NULL, '2025-03-29 16:45:52'),
(323, 'Reported Speech', 409, 0, NULL, '2025-03-29 16:45:52'),
(324, 'Commands and Requests', 410, 0, NULL, '2025-03-29 16:45:52'),
(325, 'Statements', 411, 0, NULL, '2025-03-29 16:45:52'),
(326, 'Questions', 412, 0, NULL, '2025-03-29 16:45:52'),
(327, 'Clauses', 413, 0, NULL, '2025-03-29 16:45:52'),
(328, 'Determiners', 414, 0, NULL, '2025-03-29 16:45:52'),
(329, 'Prepositions', 415, 0, NULL, '2025-03-29 16:45:52'),
(330, 'Story Writing', 416, 0, NULL, '2025-03-29 16:45:52'),
(331, 'Informal Letter/Descriptive Paragraph', 417, 0, NULL, '2025-03-29 16:45:52'),
(332, 'Do Bailon Ki Katha', 418, 0, NULL, '2025-03-29 16:46:17'),
(333, 'Lhasa Ki Aur', 419, 0, NULL, '2025-03-29 16:46:17'),
(334, 'Upbhoktaavad Ki Sanskriti', 420, 0, NULL, '2025-03-29 16:46:17'),
(335, 'Saanvle Sapno Ki Yaad', 421, 0, NULL, '2025-03-29 16:46:17'),
(336, 'Premchand Ke Fate Joote', 422, 0, NULL, '2025-03-29 16:46:17'),
(337, 'Mere Bachpan Ke Din', 423, 0, NULL, '2025-03-29 16:46:17'),
(338, 'Sakhiyan Evam Sabad', 424, 0, NULL, '2025-03-29 16:46:17'),
(339, 'Vakh', 425, 0, NULL, '2025-03-29 16:46:17'),
(340, 'Savaiye', 426, 0, NULL, '2025-03-29 16:46:17'),
(341, 'Kaidi Aur Kokila', 427, 0, NULL, '2025-03-29 16:46:17'),
(342, 'Gram Shri', 428, 0, NULL, '2025-03-29 16:46:17'),
(343, 'Megh Aaye', 429, 0, NULL, '2025-03-29 16:46:17'),
(344, 'Bachche Kaam Par Ja Rahe Hain', 430, 0, NULL, '2025-03-29 16:46:18'),
(345, 'Is Jal Pralay Mein', 431, 0, NULL, '2025-03-29 16:46:18'),
(346, 'Mere Sang Ki Auratein', 432, 0, NULL, '2025-03-29 16:46:18'),
(347, 'Reed Ki Haddi', 433, 0, NULL, '2025-03-29 16:46:18'),
(348, 'Nature and Behaviour', 434, 0, NULL, '2025-03-29 16:46:40'),
(349, 'Organization in the Living World', 435, 0, NULL, '2025-03-29 16:46:40'),
(350, 'Motion, Force, and Work', 436, 0, NULL, '2025-03-29 16:46:40'),
(351, 'Food Production', 437, 0, NULL, '2025-03-29 16:46:40'),
(352, 'The French Revolution', 438, 0, NULL, '2025-03-29 16:47:23'),
(353, 'Socialism in Europe and the Russian Revolution', 439, 0, NULL, '2025-03-29 16:47:23'),
(354, 'Nazism and the Rise of Hitler', 440, 0, NULL, '2025-03-29 16:47:23'),
(355, 'Forest, Society and Colonialism', 441, 0, NULL, '2025-03-29 16:47:23'),
(356, 'What is Democracy?', 446, 0, NULL, '2025-03-29 16:47:42'),
(357, 'Constitutional Design', 447, 0, NULL, '2025-03-29 16:47:42'),
(358, 'Electoral Politics', 448, 0, NULL, '2025-03-29 16:47:42'),
(359, 'Working of Institutions', 449, 0, NULL, '2025-03-29 16:47:42'),
(360, 'The Story of Village Palampur', 442, 0, NULL, '2025-03-29 16:48:05'),
(361, 'People as a Resource', 443, 0, NULL, '2025-03-29 16:48:05'),
(362, 'Poverty as a Challenge', 444, 0, NULL, '2025-03-29 16:48:05'),
(363, 'Food Security in India', 445, 0, NULL, '2025-03-29 16:48:05'),
(364, 'India  Size and Location', 451, 0, NULL, '2025-03-29 16:48:24'),
(365, 'Physical Features of India', 452, 0, NULL, '2025-03-29 16:48:24'),
(366, 'Drainage', 453, 0, NULL, '2025-03-29 16:48:24'),
(367, 'Climate', 454, 0, NULL, '2025-03-29 16:48:24'),
(368, 'Natural Vegetation and Wildlife', 455, 0, NULL, '2025-03-29 16:48:24'),
(375, 'Integers ', 291, 0, NULL, '2025-03-29 17:17:38'),
(376, 'Fractions and Decimals ', 292, 0, NULL, '2025-03-29 17:17:38'),
(377, 'Data Handling ', 293, 0, NULL, '2025-03-29 17:17:38'),
(378, 'Simple Equations ', 294, 0, NULL, '2025-03-29 17:17:38'),
(379, 'Lines and Angles ', 295, 0, NULL, '2025-03-29 17:17:38'),
(380, 'The Triangle and its Properties ', 296, 0, NULL, '2025-03-29 17:17:38'),
(381, 'Comparing Quantities ', 297, 0, NULL, '2025-03-29 17:17:38'),
(382, 'Rational Numbers ', 298, 0, NULL, '2025-03-29 17:17:38'),
(383, 'Perimeter and Area ', 299, 0, NULL, '2025-03-29 17:17:38'),
(384, 'Algebraic Expressions ', 300, 0, NULL, '2025-03-29 17:17:38'),
(385, 'Exponents and Powers ', 301, 0, NULL, '2025-03-29 17:17:38'),
(386, 'Symmetry ', 302, 0, NULL, '2025-03-29 17:17:38'),
(387, 'Visualising Solid Shapes ', 303, 0, NULL, '2025-03-29 17:17:38'),
(411, 'Nutrition in Plants', 327, 0, NULL, '2025-03-29 17:35:02'),
(412, 'Nutrition in Animals', 328, 0, NULL, '2025-03-29 17:35:02'),
(413, 'Heat', 329, 0, NULL, '2025-03-29 17:35:02'),
(414, 'Acid, Bases, and Salts', 330, 0, NULL, '2025-03-29 17:35:02'),
(415, 'Physical and Chemical Changes', 331, 0, NULL, '2025-03-29 17:35:02'),
(416, 'Respiration in Organisms', 332, 0, NULL, '2025-03-29 17:35:02'),
(417, 'Transport in Animals and Plants', 333, 0, NULL, '2025-03-29 17:35:02'),
(418, 'Plant Reproduction', 334, 0, NULL, '2025-03-29 17:35:02'),
(419, 'Motion and Time', 335, 0, NULL, '2025-03-29 17:35:03'),
(420, 'Electric Current and Its Effects', 336, 0, NULL, '2025-03-29 17:35:03'),
(421, 'Light', 337, 0, NULL, '2025-03-29 17:35:03'),
(422, 'Forests - Essential for Our Ecosystem', 338, 0, NULL, '2025-03-29 17:35:03'),
(423, 'Wastewater Story', 339, 0, NULL, '2025-03-29 17:35:03'),
(424, 'Determiners', 340, 0, NULL, '2025-03-29 17:35:27'),
(425, 'Linking Words', 341, 0, NULL, '2025-03-29 17:35:27'),
(426, 'Adverbs (place and type)', 342, 0, NULL, '2025-03-29 17:35:27'),
(427, 'Tense forms', 343, 0, NULL, '2025-03-29 17:35:27'),
(428, 'Clauses', 344, 0, NULL, '2025-03-29 17:35:27'),
(429, 'Passivisation', 345, 0, NULL, '2025-03-29 17:35:27'),
(430, 'Adjectives (Comparative and Superlative)', 346, 0, NULL, '2025-03-29 17:35:28'),
(431, 'Modal Auxiliaries', 347, 0, NULL, '2025-03-29 17:35:28'),
(432, 'Word order in sentence types', 348, 0, NULL, '2025-03-29 17:35:28'),
(433, 'Reported speech', 349, 0, NULL, '2025-03-29 17:35:28'),
(434, 'Introduction: Tracing Changes through a Thousand Years.', 350, 0, NULL, '2025-03-29 17:35:51'),
(435, 'Kings and Kingdoms.', 351, 0, NULL, '2025-03-29 17:35:51'),
(436, 'Delhi: 12th to 15th Century.', 352, 0, NULL, '2025-03-29 17:35:51'),
(437, 'The Mughal Empire: 16th to 17th Century.', 353, 0, NULL, '2025-03-29 17:35:51'),
(438, 'Tribes, Nomads, and Settled Communities.', 354, 0, NULL, '2025-03-29 17:35:51'),
(439, 'Devotional Paths to the Divine.', 355, 0, NULL, '2025-03-29 17:35:51'),
(440, 'The Making of Regional Cultures.', 356, 0, NULL, '2025-03-29 17:35:51'),
(441, 'Eighteenth-Century Political Formations.', 357, 0, NULL, '2025-03-29 17:35:51'),
(442, 'On Equality.', 358, 0, NULL, '2025-03-29 17:36:14'),
(443, 'Role of the Government in Health.', 359, 0, NULL, '2025-03-29 17:36:15'),
(444, 'How the State Government Works.', 360, 0, NULL, '2025-03-29 17:36:15'),
(445, 'Growing Up as Boys and Girls.', 361, 0, NULL, '2025-03-29 17:36:15'),
(446, 'Women Change the World.', 362, 0, NULL, '2025-03-29 17:36:15'),
(447, 'Understanding Media.', 363, 0, NULL, '2025-03-29 17:36:15'),
(448, 'Markets Around Us.', 364, 0, NULL, '2025-03-29 17:36:15'),
(449, 'A Shirt in the Market.', 365, 0, NULL, '2025-03-29 17:36:15'),
(450, 'Environment', 366, 0, NULL, '2025-03-29 17:36:46'),
(451, 'Inside Our Earth', 367, 0, NULL, '2025-03-29 17:36:46'),
(452, 'Our Changing Earth', 368, 0, NULL, '2025-03-29 17:36:46'),
(453, 'Air', 369, 0, NULL, '2025-03-29 17:36:46'),
(454, 'Water', 370, 0, NULL, '2025-03-29 17:36:47'),
(455, 'Human-Environment Interactions The Tropical and the Subtropical Region.', 371, 0, NULL, '2025-03-29 17:36:47'),
(456, 'Life in the Deserts.', 372, 0, NULL, '2025-03-29 17:36:47'),
(533, 'Physical World and Measurement', 632, 0, NULL, '2025-03-31 04:09:45'),
(534, 'Kinematics', 633, 0, NULL, '2025-03-31 04:09:45'),
(535, 'Laws of Motion', 634, 0, NULL, '2025-03-31 04:09:45'),
(536, 'Work, Energy, and Power', 635, 0, NULL, '2025-03-31 04:09:45'),
(537, 'The Motion of the System of Particles and Rigid Body', 636, 0, NULL, '2025-03-31 04:09:45'),
(538, 'Gravitation', 637, 0, NULL, '2025-03-31 04:09:45'),
(539, 'Properties of Bulk Matter', 638, 0, NULL, '2025-03-31 04:09:45'),
(540, 'Thermodynamics', 639, 0, NULL, '2025-03-31 04:09:45'),
(541, 'Behaviour of Perfect Gases and Kinetic Theory of Gases', 640, 0, NULL, '2025-03-31 04:09:45'),
(542, 'Oscillations and Waves', 641, 0, NULL, '2025-03-31 04:09:45'),
(543, 'Solutions', 642, 0, NULL, '2025-03-31 04:09:45'),
(544, 'Electrochemistry', 643, 0, NULL, '2025-03-31 04:09:45'),
(545, 'Chemical Kinetics', 644, 0, NULL, '2025-03-31 04:09:45'),
(546, 'd- and f-Block Elements', 645, 0, NULL, '2025-03-31 04:09:45'),
(547, 'Coordination Compounds', 646, 0, NULL, '2025-03-31 04:09:45'),
(548, 'Haloalkanes and Haloarenes', 647, 0, NULL, '2025-03-31 04:09:45'),
(549, 'Alcohols, Phenols, and Ethers', 648, 0, NULL, '2025-03-31 04:09:45'),
(550, 'Aldehydes, Ketones, and Carboxylic Acids', 649, 0, NULL, '2025-03-31 04:09:45'),
(551, 'Amines', 650, 0, NULL, '2025-03-31 04:09:45'),
(552, 'Biomolecules', 651, 0, NULL, '2025-03-31 04:09:45'),
(564, 'Number Systems', 573, 0, NULL, '2025-03-31 04:35:36'),
(565, 'Algebra', 574, 0, NULL, '2025-03-31 04:35:36'),
(566, 'Coordinate Geometry', 575, 0, NULL, '2025-03-31 04:35:36'),
(567, 'Geometry', 576, 0, NULL, '2025-03-31 04:35:36'),
(568, 'Trigonometry', 577, 0, NULL, '2025-03-31 04:35:36'),
(569, 'Mensuration', 665, 0, NULL, '2025-03-31 04:35:36'),
(570, 'Statistics and Probability', 666, 0, NULL, '2025-03-31 04:35:36'),
(579, 'Surdas', 594, 0, NULL, '2025-03-31 04:35:36'),
(580, 'Tulsidas', 595, 0, NULL, '2025-03-31 04:35:36'),
(581, 'Jayashankar Prasad', 596, 0, NULL, '2025-03-31 04:35:36'),
(582, 'SuryaKant Tripathi-Nirala', 597, 0, NULL, '2025-03-31 04:35:36'),
(583, 'Nagarjun', 598, 0, NULL, '2025-03-31 04:35:36'),
(584, 'Manglesh Dabral', 599, 0, NULL, '2025-03-31 04:35:36'),
(585, 'Saviya Prakash', 600, 0, NULL, '2025-03-31 04:35:36'),
(586, 'Ram Vriksh Benipuri', 601, 0, NULL, '2025-03-31 04:35:36'),
(587, 'Yashpal', 602, 0, NULL, '2025-03-31 04:35:36'),
(588, 'Manu Bhandari', 603, 0, NULL, '2025-03-31 04:35:36'),
(589, 'Yatindra Mishra', 604, 0, NULL, '2025-03-31 04:35:36'),
(590, 'Bhaddant Anand Kausalyayan', 605, 0, NULL, '2025-03-31 04:35:36'),
(591, 'Mata Ka Anchal', 704, 0, NULL, '2025-03-31 04:35:36'),
(592, 'Sana Sana Hath Jodi', 705, 0, NULL, '2025-03-31 04:35:36'),
(593, 'Mein Kyon Likhata Hun', 706, 0, NULL, '2025-03-31 04:35:36'),
(597, 'Resources and Development', 611, 0, NULL, '2025-03-31 04:35:37'),
(598, 'Forest and Wildlife Resources', 612, 0, NULL, '2025-03-31 04:35:37'),
(599, 'Water Resources', 613, 0, NULL, '2025-03-31 04:35:37'),
(600, 'Agriculture', 614, 0, NULL, '2025-03-31 04:35:37'),
(601, 'Minerals and Energy Resources', 615, 0, NULL, '2025-03-31 04:35:37'),
(602, 'Manufacturing Industries', 616, 0, NULL, '2025-03-31 04:35:37'),
(603, 'Lifelines of the National Economy', 617, 0, NULL, '2025-03-31 04:35:37'),
(604, 'Power-sharing', 618, 0, NULL, '2025-03-31 04:35:37'),
(605, 'Gender, Religion, and Caste', 619, 0, NULL, '2025-03-31 04:35:37'),
(606, 'Political Parties', 620, 0, NULL, '2025-03-31 04:35:37'),
(607, 'Outcomes of Democracy', 621, 0, NULL, '2025-03-31 04:35:37'),
(608, 'Development', 622, 0, NULL, '2025-03-31 04:35:37'),
(609, 'Sectors of the Indian Economy', 623, 0, NULL, '2025-03-31 04:35:37'),
(610, 'Money and Credit', 624, 0, NULL, '2025-03-31 04:35:37'),
(611, 'Globalisation and The Indian Economy', 625, 0, NULL, '2025-03-31 04:35:37'),
(612, 'Project Work: Consumer Rights', 626, 0, NULL, '2025-03-31 04:35:37'),
(613, 'Rational Numbers', 456, 0, NULL, '2025-03-31 10:38:48'),
(614, 'Linear Equations in One Variable', 457, 0, NULL, '2025-03-31 10:38:48'),
(615, 'Understanding Quadrilaterals', 458, 0, NULL, '2025-03-31 10:38:48'),
(616, 'Data Handling', 459, 0, NULL, '2025-03-31 10:38:48'),
(617, 'Squares and Square Roots', 460, 0, NULL, '2025-03-31 10:38:48'),
(618, 'Cubes and Cube Roots', 461, 0, NULL, '2025-03-31 10:38:48'),
(619, 'Comparing Quantities', 462, 0, NULL, '2025-03-31 10:38:48'),
(620, 'Algebraic Expressions and Identities', 463, 0, NULL, '2025-03-31 10:38:48'),
(621, 'Mensuration', 464, 0, NULL, '2025-03-31 10:38:48'),
(622, 'Exponents and Powers', 465, 0, NULL, '2025-03-31 10:38:48'),
(623, 'Direct and Inverse Proportions', 466, 0, NULL, '2025-03-31 10:38:48'),
(624, 'Factorisation', 467, 0, NULL, '2025-03-31 10:38:48'),
(625, 'Introduction to Graphs', 468, 0, NULL, '2025-03-31 10:38:48'),
(626, 'Crop Production and Management', 469, 0, NULL, '2025-03-31 10:38:48'),
(627, 'Microorganisms: Friend and Foe', 470, 0, NULL, '2025-03-31 10:38:48'),
(628, 'Coal and Petroleum', 471, 0, NULL, '2025-03-31 10:38:48'),
(629, 'Combustion and Flame', 472, 0, NULL, '2025-03-31 10:38:48'),
(630, 'Conservation of Plants and Animals', 473, 0, NULL, '2025-03-31 10:38:48'),
(631, 'Reproduction in Animals', 474, 0, NULL, '2025-03-31 10:38:48'),
(632, 'Reaching the Age of Adolescence', 475, 0, NULL, '2025-03-31 10:38:48'),
(633, 'Force and Pressure', 476, 0, NULL, '2025-03-31 10:38:48'),
(634, 'Friction', 477, 0, NULL, '2025-03-31 10:38:48'),
(635, 'Sound', 478, 0, NULL, '2025-03-31 10:38:48'),
(636, 'Chemical Effects of Electric Current', 479, 0, NULL, '2025-03-31 10:38:48'),
(637, 'Some Natural Phenomena', 480, 0, NULL, '2025-03-31 10:38:48'),
(638, 'Light', 481, 0, NULL, '2025-03-31 10:38:48'),
(644, 'Laakh Ki Chudiyan (Kahani)', 523, 0, NULL, '2025-03-31 10:38:48'),
(645, 'Bus Ki Yatra (Vyangya)', 524, 0, NULL, '2025-03-31 10:38:48'),
(646, 'Diwanon Ki Hasti (Kavita)', 525, 0, NULL, '2025-03-31 10:38:48'),
(647, 'Bhagwan Ke Dakiye (Kavita)', 526, 0, NULL, '2025-03-31 10:38:48'),
(648, 'Kya Nirash Hua Jaye (Nibandh)', 527, 0, NULL, '2025-03-31 10:38:48'),
(649, 'Yah Sabka Likha Samay Nahin (Kavita)', 528, 0, NULL, '2025-03-31 10:38:48'),
(650, 'Pahaad Se Uncha Aadmi (Jeevani)', 528, 0, NULL, '2025-03-31 10:38:48'),
(651, 'Kabir Ki Saakhiyan', 529, 0, NULL, '2025-03-31 10:38:48'),
(652, 'Sudama Charitra (Kavita)', 530, 0, NULL, '2025-03-31 10:38:48'),
(653, 'Jahan Pahiya (Reportaj)', 531, 0, NULL, '2025-03-31 10:38:48'),
(654, 'Pita Ka Rukh (Kavita)', 531, 0, NULL, '2025-03-31 10:38:48'),
(655, 'Akshari Lok (Kahani)', 532, 0, NULL, '2025-03-31 10:38:48'),
(656, 'Surdas Ke Pad (Kavita)', 533, 0, NULL, '2025-03-31 10:38:48'),
(657, 'Paani Ki Kahani (Nibandh)', 534, 0, NULL, '2025-03-31 10:38:48'),
(658, 'Hum Prithvi Ki Santan (Alekh)', 534, 0, NULL, '2025-03-31 10:38:48'),
(659, 'Baaz Aur Saap (Kahani)', 535, 0, NULL, '2025-03-31 10:38:48'),
(660, 'Punrukti Shabd', 536, 0, NULL, '2025-03-31 10:38:48'),
(661, 'Vakyanirman', 537, 0, NULL, '2025-03-31 10:38:48'),
(662, 'Sanjna', 538, 0, NULL, '2025-03-31 10:38:48'),
(663, 'Visheshan', 539, 0, NULL, '2025-03-31 10:38:48'),
(664, 'Karak', 540, 0, NULL, '2025-03-31 10:38:48'),
(665, 'Anekarthi Shabd', 541, 0, NULL, '2025-03-31 10:38:48'),
(666, 'Vibhakti', 542, 0, NULL, '2025-03-31 10:38:48'),
(667, 'Pratyay', 543, 0, NULL, '2025-03-31 10:38:48'),
(668, 'Shabd Parivar', 544, 0, NULL, '2025-03-31 10:38:48'),
(669, 'Sandhi', 545, 0, NULL, '2025-03-31 10:38:48'),
(670, 'Samaas', 546, 0, NULL, '2025-03-31 10:38:48'),
(671, 'Hinh', 547, 0, NULL, '2025-03-31 10:38:48'),
(672, 'Upasarg', 548, 0, NULL, '2025-03-31 10:38:48'),
(673, 'Anek Shabdon Ke Liye Ek Shabd', 549, 0, NULL, '2025-03-31 10:38:48'),
(674, 'Muhavare', 550, 0, NULL, '2025-03-31 10:38:48'),
(675, 'Samanarthi', 551, 0, NULL, '2025-03-31 10:38:48'),
(676, 'Introduction: How, When and Where', 552, 0, NULL, '2025-03-31 10:38:48'),
(677, 'From Trade to Territory The Company Establishes Power', 553, 0, NULL, '2025-03-31 10:38:48'),
(678, 'Ruling the Countryside', 554, 0, NULL, '2025-03-31 10:38:48'),
(679, 'Tribals, Dikus, and the Vision of a Golden Age', 555, 0, NULL, '2025-03-31 10:38:48'),
(680, 'When People Rebel 1857 and After', 556, 0, NULL, '2025-03-31 10:38:48'),
(681, 'Civilising the Native, Educating the Nation', 557, 0, NULL, '2025-03-31 10:38:48'),
(682, 'Women, Caste and Reform', 558, 0, NULL, '2025-03-31 10:38:48'),
(683, 'The Making of the National Movement: 1870s1947', 559, 0, NULL, '2025-03-31 10:38:48'),
(684, 'Unit 1', 560, 0, NULL, '2025-03-31 10:38:48'),
(685, 'Unit 2', 561, 0, NULL, '2025-03-31 10:38:48'),
(686, 'Unit 3', 562, 0, NULL, '2025-03-31 10:38:48'),
(687, 'Unit 4', 563, 0, NULL, '2025-03-31 10:38:48'),
(688, 'Unit 5', 564, 0, NULL, '2025-03-31 10:38:48'),
(689, 'Resources', 568, 0, NULL, '2025-03-31 10:38:48'),
(690, 'Land, Soil, Water, Natural Vegetation and Wildlife Resources', 569, 0, NULL, '2025-03-31 10:38:48'),
(691, 'Agriculture', 570, 0, NULL, '2025-03-31 10:38:48'),
(692, 'Industries', 571, 0, NULL, '2025-03-31 10:38:48'),
(693, 'Human Resources', 572, 0, NULL, '2025-03-31 10:38:48'),
(718, '1. Colours', 708, 0, NULL, '2025-04-04 08:53:27'),
(719, '2. Badal and Moti', 709, 0, NULL, '2025-04-04 08:53:27'),
(720, '3. Best Friends', 710, 0, NULL, '2025-04-04 08:53:27'),
(721, '4. Out in the Garden', 711, 0, NULL, '2025-04-04 08:53:27'),
(722, '5. Talking Toys', 712, 0, NULL, '2025-04-04 08:53:27'),
(723, '6. Paper Boats', 713, 0, NULL, '2025-04-04 08:53:27'),
(724, '7. The Big Laddo', 714, 0, NULL, '2025-04-04 08:53:27'),
(725, '8. Thank God', 715, 0, NULL, '2025-04-04 08:53:27'),
(726, '9. Madhu\'s Wish', 716, 0, NULL, '2025-04-04 08:53:27'),
(727, '10. Night', 717, 0, NULL, '2025-04-04 08:53:27'),
(728, '11. Chanda Mama Counts the Stars', 718, 0, NULL, '2025-04-04 08:53:27'),
(729, '12. Chandrayan', 719, 0, NULL, '2025-04-04 08:53:27'),
(730, 'Three Questions', 720, 0, NULL, '2025-04-04 09:03:11'),
(731, 'A Gift of Chappals', 721, 0, NULL, '2025-04-04 09:03:11'),
(732, 'Gopal and the Hilsa Fish', 722, 0, NULL, '2025-04-04 09:03:11'),
(733, 'The Ashes That Made Trees Bloom', 723, 0, NULL, '2025-04-04 09:03:11'),
(734, 'Quality', 724, 0, NULL, '2025-04-04 09:03:12'),
(735, 'Expert Detectives', 725, 0, NULL, '2025-04-04 09:03:12'),
(736, 'The Invention of Vita-Wonk', 726, 0, NULL, '2025-04-04 09:03:12'),
(737, 'A Homage to Our Brave Soldiers', 727, 0, NULL, '2025-04-04 09:03:12'),
(738, 'The Squirrel', 728, 0, NULL, '2025-04-04 09:03:12'),
(739, 'The Rebel', 729, 0, NULL, '2025-04-04 09:03:12'),
(740, 'The Shed', 730, 0, NULL, '2025-04-04 09:03:12'),
(741, 'Chivvy', 731, 0, NULL, '2025-04-04 09:03:12'),
(742, 'Trees', 732, 0, NULL, '2025-04-04 09:03:12'),
(743, 'Mystery of the Talking Fan', 733, 0, NULL, '2025-04-04 09:03:12'),
(744, 'Dad and the Cat and the Tree', 734, 0, NULL, '2025-04-04 09:03:12'),
(745, 'Meadow Surprises', 735, 0, NULL, '2025-04-04 09:03:12'),
(746, 'The Tiny Teacher', 736, 0, NULL, '2025-04-04 09:03:12'),
(747, 'Bringing up Kari', 737, 0, NULL, '2025-04-04 09:03:12'),
(748, 'Golu Grows a Nose', 738, 0, NULL, '2025-04-04 09:03:12'),
(749, 'Chandni', 739, 0, NULL, '2025-04-04 09:03:12'),
(750, 'The Bear Story', 740, 0, NULL, '2025-04-04 09:03:12'),
(751, 'A Tiger in the House', 741, 0, NULL, '2025-04-04 09:03:12'),
(752, 'An Alien Hand', 742, 0, NULL, '2025-04-04 09:03:12'),
(753, 'The Best Christmas Present in the World', 743, 0, NULL, '2025-04-04 09:21:08'),
(754, 'The Tsunami', 744, 0, NULL, '2025-04-04 09:21:08'),
(755, 'Glimpses of the Past', 745, 0, NULL, '2025-04-04 09:21:08'),
(756, 'Bepin Choudhary lapse of Memory', 746, 0, NULL, '2025-04-04 09:21:08'),
(757, 'The Summit Within', 747, 0, NULL, '2025-04-04 09:21:08'),
(758, 'This is Jodys Fawn', 748, 0, NULL, '2025-04-04 09:21:08'),
(759, 'A Visit to Cambridge', 749, 0, NULL, '2025-04-04 09:21:08'),
(760, 'A Short Monsoon Diary', 750, 0, NULL, '2025-04-04 09:21:08'),
(761, 'The Ant and the Cricket', 751, 0, NULL, '2025-04-04 09:21:08'),
(762, 'Geography Lesson', 752, 0, NULL, '2025-04-04 09:21:08'),
(763, 'The Last Bargain', 753, 0, NULL, '2025-04-04 09:21:08'),
(764, 'The School Boy', 754, 0, NULL, '2025-04-04 09:21:08'),
(765, 'On the Grasshopper and Cricket', 755, 0, NULL, '2025-04-04 09:21:08'),
(766, 'How the Camel got his Hump', 756, 0, NULL, '2025-04-04 09:21:08'),
(767, 'Children at Work', 757, 0, NULL, '2025-04-04 09:21:08'),
(768, 'The Selfish Giant', 758, 0, NULL, '2025-04-04 09:21:08'),
(769, 'The Treasure Within', 759, 0, NULL, '2025-04-04 09:21:08'),
(770, 'Princess September', 760, 0, NULL, '2025-04-04 09:21:08'),
(771, 'The Fight', 761, 0, NULL, '2025-04-04 09:21:08'),
(772, 'Jalebis', 762, 0, NULL, '2025-04-04 09:21:08'),
(773, 'Ancient Education System of India', 763, 0, NULL, '2025-04-04 09:21:08'),
(774, 'Order of Words and Clauses', 764, 0, NULL, '2025-04-04 09:32:04'),
(775, 'Direct and Indirect Speech', 765, 0, NULL, '2025-04-04 09:32:04'),
(776, 'Active and Passive', 766, 0, NULL, '2025-04-04 09:32:04'),
(777, 'Tenses', 767, 0, NULL, '2025-04-04 09:32:04'),
(778, 'Noun', 768, 0, NULL, '2025-04-04 09:32:04'),
(779, 'Pronoun', 769, 0, NULL, '2025-04-04 09:32:04'),
(780, 'Verb', 770, 0, NULL, '2025-04-04 09:32:04'),
(781, 'Adverb', 771, 0, NULL, '2025-04-04 09:32:04'),
(782, 'Prepositions', 772, 0, NULL, '2025-04-04 09:32:04'),
(783, 'Conjunction', 773, 0, NULL, '2025-04-04 09:32:04'),
(784, 'Phrases and Idioms', 774, 0, NULL, '2025-04-04 09:32:04'),
(785, 'Comprehension Reading', 775, 0, NULL, '2025-04-04 09:32:04'),
(786, 'Vocabulary', 776, 0, NULL, '2025-04-04 09:32:04'),
(787, 'Notice', 777, 0, NULL, '2025-04-04 09:32:04'),
(788, 'Story', 778, 0, NULL, '2025-04-04 09:32:04'),
(789, 'Formal and Informal Letters', 779, 0, NULL, '2025-04-04 09:32:04'),
(790, 'Diary Entry', 780, 0, NULL, '2025-04-04 09:32:04'),
(791, 'Essay', 781, 0, NULL, '2025-04-04 09:32:04'),
(792, 'Chemical Reactions and Equations', 782, 0, NULL, '2025-04-04 09:41:51'),
(793, 'Acids, Bases and Salts', 783, 0, NULL, '2025-04-04 09:41:51'),
(794, 'Metals and Nonmetals', 784, 0, NULL, '2025-04-04 09:41:51'),
(795, 'Carbon compounds', 785, 0, NULL, '2025-04-04 09:41:51'),
(796, 'Life Processes', 786, 0, NULL, '2025-04-04 09:41:51'),
(797, 'Control and co-ordination in animals and plants', 787, 0, NULL, '2025-04-04 09:41:51'),
(798, 'Reproduction', 788, 0, NULL, '2025-04-04 09:41:51'),
(799, 'Heredity and Evolution', 789, 0, NULL, '2025-04-04 09:41:51'),
(800, 'Light: Reflection and Refraction', 790, 0, NULL, '2025-04-04 09:41:51'),
(801, 'Human Eye and Colourful World', 791, 0, NULL, '2025-04-04 09:41:51'),
(802, 'Electricity', 792, 0, NULL, '2025-04-04 09:41:51'),
(803, 'Magnetic Effects of Current', 793, 0, NULL, '2025-04-04 09:41:51'),
(804, 'Our Environment', 794, 0, NULL, '2025-04-04 09:41:51'),
(805, 'A Letter to God', 795, 0, NULL, '2025-04-04 09:47:06'),
(806, 'Nelson Mandela - Long Walk to Freedom', 796, 0, NULL, '2025-04-04 09:47:06'),
(807, 'Stories About Flying', 797, 0, NULL, '2025-04-04 09:47:06'),
(808, 'From the Diary of Anne Frank', 798, 0, NULL, '2025-04-04 09:47:06'),
(809, 'Glimpses of India', 799, 0, NULL, '2025-04-04 09:47:06'),
(810, 'Mijbil the Otter', 800, 0, NULL, '2025-04-04 09:47:06'),
(811, 'Madam Rides the Bus', 801, 0, NULL, '2025-04-04 09:47:06'),
(812, 'The Sermon at Benares', 802, 0, NULL, '2025-04-04 09:47:06'),
(813, 'The Proposal (Play)', 803, 0, NULL, '2025-04-04 09:47:06'),
(814, 'Dust of Snow', 804, 0, NULL, '2025-04-04 09:47:06'),
(815, 'Fire and Ice', 805, 0, NULL, '2025-04-04 09:47:06'),
(816, 'A Tiger in the Zoo', 806, 0, NULL, '2025-04-04 09:47:06'),
(817, 'How to Tell Wild Animals', 807, 0, NULL, '2025-04-04 09:47:06'),
(818, 'The Ball Poem', 808, 0, NULL, '2025-04-04 09:47:06'),
(819, 'Amanda!', 809, 0, NULL, '2025-04-04 09:47:06'),
(820, 'The Trees', 810, 0, NULL, '2025-04-04 09:47:06'),
(821, 'Fog', 811, 0, NULL, '2025-04-04 09:47:06'),
(822, 'The Tale of Custard the Dragon', 812, 0, NULL, '2025-04-04 09:47:06'),
(823, 'For Anne Gregory', 813, 0, NULL, '2025-04-04 09:47:06'),
(824, 'A Triumph of Surgery', 814, 0, NULL, '2025-04-04 09:47:06'),
(825, 'The Thief\'s Story', 815, 0, NULL, '2025-04-04 09:47:06'),
(826, 'The Midnight Visitor', 816, 0, NULL, '2025-04-04 09:47:06'),
(827, 'A Question of Trust', 817, 0, NULL, '2025-04-04 09:47:06'),
(828, 'The Book that Saved the Earth', 818, 0, NULL, '2025-04-04 09:47:06'),
(829, 'Footprints Without Feet', 819, 0, NULL, '2025-04-04 09:47:06'),
(830, 'The Making of a Scientist', 820, 0, NULL, '2025-04-04 09:47:06'),
(831, 'The Necklace', 821, 0, NULL, '2025-04-04 09:47:06'),
(832, 'Bholi', 822, 0, NULL, '2025-04-04 09:47:06'),
(833, 'The Rise of Nationalism in Europe', 823, 0, NULL, '2025-04-04 09:53:25'),
(834, 'Nationalism In India', 824, 0, NULL, '2025-04-04 09:53:25'),
(835, 'The Making of a Global World', 825, 0, NULL, '2025-04-04 09:53:25'),
(836, 'The Age of Industrialization', 826, 0, NULL, '2025-04-04 09:53:25'),
(837, 'Print Culture and the Modern World', 827, 0, NULL, '2025-04-04 09:53:25'),
(838, 'Sets', 828, 0, NULL, '2025-04-04 09:58:20'),
(839, 'Relations & Functions', 829, 0, NULL, '2025-04-04 09:58:20'),
(840, 'Trigonometric Functions', 830, 0, NULL, '2025-04-04 09:58:20'),
(841, 'Principle of Mathematical Induction', 831, 0, NULL, '2025-04-04 09:58:20'),
(842, 'Complex Numbers and Quadratic Equations', 832, 0, NULL, '2025-04-04 09:58:20'),
(843, 'Linear Inequalities', 833, 0, NULL, '2025-04-04 09:58:20'),
(844, 'Permutations and Combinations', 834, 0, NULL, '2025-04-04 09:58:20'),
(845, 'Binomial Theorem', 835, 0, NULL, '2025-04-04 09:58:20'),
(846, 'Sequence and Series', 836, 0, NULL, '2025-04-04 09:58:20'),
(847, 'Straight Lines', 837, 0, NULL, '2025-04-04 09:58:20'),
(848, 'Conic Sections', 838, 0, NULL, '2025-04-04 09:58:20'),
(849, 'Introduction to Three Dimensional Geometry', 839, 0, NULL, '2025-04-04 09:58:20'),
(850, 'Limits and Derivatives', 840, 0, NULL, '2025-04-04 09:58:20'),
(851, 'Mathematical Reasoning', 841, 0, NULL, '2025-04-04 09:58:20'),
(852, 'Statistics', 842, 0, NULL, '2025-04-04 09:58:20'),
(853, 'Probability', 843, 0, NULL, '2025-04-04 09:58:20'),
(854, 'Unit and Measurements Need for Measurement', 844, 0, NULL, '2025-04-04 10:04:19'),
(855, 'Motion in a Straight Line', 845, 0, NULL, '2025-04-04 10:04:19'),
(856, 'Motion in a Plane', 846, 0, NULL, '2025-04-04 10:04:19'),
(857, 'Laws of Motion', 847, 0, NULL, '2025-04-04 10:04:19'),
(858, 'Work, Energy, and Power', 848, 0, NULL, '2025-04-04 10:04:19'),
(859, 'System of Particles and Rigid Body', 849, 0, NULL, '2025-04-04 10:04:19'),
(860, 'Gravitation', 850, 0, NULL, '2025-04-04 10:04:19'),
(861, 'Mechanical Properties of Solids', 851, 0, NULL, '2025-04-04 10:04:19'),
(862, 'Mechanical Properties of Fluids', 852, 0, NULL, '2025-04-04 10:04:19'),
(863, 'Thermal Properties of Matter', 853, 0, NULL, '2025-04-04 10:04:19'),
(864, 'Thermodynamics', 854, 0, NULL, '2025-04-04 10:04:19'),
(865, 'Kinetic Theory', 855, 0, NULL, '2025-04-04 10:04:19'),
(866, 'Oscillations', 856, 0, NULL, '2025-04-04 10:04:19'),
(867, 'Waves', 857, 0, NULL, '2025-04-04 10:04:19'),
(868, 'The Living World', 858, 0, NULL, '2025-04-04 10:12:54'),
(869, 'Biological Classification', 859, 0, NULL, '2025-04-04 10:12:54'),
(870, 'Plant Kingdom', 860, 0, NULL, '2025-04-04 10:12:54'),
(871, 'Animal Kingdom', 861, 0, NULL, '2025-04-04 10:12:54'),
(872, 'Morphology of Flowering Plants', 862, 0, NULL, '2025-04-04 10:12:54'),
(873, 'Anatomy of Flowering Plants', 863, 0, NULL, '2025-04-04 10:12:54'),
(874, 'Structural Organisation in Animals', 864, 0, NULL, '2025-04-04 10:12:54'),
(875, 'Cell - the Unit of Life', 865, 0, NULL, '2025-04-04 10:12:54'),
(876, 'Biomolecules', 866, 0, NULL, '2025-04-04 10:12:54'),
(877, 'Cell Cycle and Cell Division', 867, 0, NULL, '2025-04-04 10:12:54'),
(878, 'Respiration in Plants', 868, 0, NULL, '2025-04-04 10:12:54'),
(879, 'Plant - Growth and Development', 869, 0, NULL, '2025-04-04 10:12:54'),
(880, 'Breathing and Exchange of Gases', 870, 0, NULL, '2025-04-04 10:12:54'),
(881, 'Body Fluids and Circulation', 871, 0, NULL, '2025-04-04 10:12:54'),
(882, 'Excretory Products and Their Elimination', 872, 0, NULL, '2025-04-04 10:12:54'),
(883, 'Locomotion and Movement', 873, 0, NULL, '2025-04-04 10:12:54'),
(884, 'Neural Control and Coordination', 874, 0, NULL, '2025-04-04 10:12:54'),
(885, 'Chemical Coordination and Integration', 875, 0, NULL, '2025-04-04 10:12:54'),
(886, 'The Portrait of a Lady', 876, 0, NULL, '2025-04-04 10:28:05'),
(887, 'The Photography', 877, 0, NULL, '2025-04-04 10:28:05'),
(888, 'We\'re Not Afraid to Die if We Can All Be Together', 878, 0, NULL, '2025-04-04 10:28:05'),
(889, 'Discovering Tut: the Saga Continues', 879, 0, NULL, '2025-04-04 10:28:05'),
(890, 'The Laburnum Top', 880, 0, NULL, '2025-04-04 10:28:05'),
(891, 'The Voice of the Rain', 881, 0, NULL, '2025-04-04 10:28:05'),
(892, 'The Ailing Planet: the Green Movement\'s Role', 882, 0, NULL, '2025-04-04 10:28:05'),
(893, 'Childhood', 883, 0, NULL, '2025-04-04 10:28:05'),
(894, 'The Adventure', 884, 0, NULL, '2025-04-04 10:28:05'),
(895, 'Silk Road', 885, 0, NULL, '2025-04-04 10:28:05'),
(896, 'Father to Son', 886, 0, NULL, '2025-04-04 10:28:05'),
(897, 'A Photograph', 887, 0, NULL, '2025-04-04 10:28:05'),
(898, 'Laburnum Top', 888, 0, NULL, '2025-04-04 10:28:05'),
(899, 'The Voice of the Rain', 889, 0, NULL, '2025-04-04 10:28:05'),
(900, 'Childhood', 890, 0, NULL, '2025-04-04 10:28:05'),
(901, 'Father to Son', 891, 0, NULL, '2025-04-04 10:28:05'),
(902, 'Creative Writing', 892, 0, NULL, '2025-04-04 10:28:05'),
(903, 'Letter Writing', 893, 0, NULL, '2025-04-04 10:28:05'),
(904, 'Essay Writing', 894, 0, NULL, '2025-04-04 10:28:05'),
(905, 'Subtitling', 895, 0, NULL, '2025-04-04 10:28:05'),
(906, 'Summarizing', 896, 0, NULL, '2025-04-04 10:28:05'),
(907, 'Note Making', 897, 0, NULL, '2025-04-04 10:28:05'),
(908, 'Santo Dekhat Jag Baurana', 898, 0, NULL, '2025-04-04 10:38:27'),
(909, 'Payoji Main Ram Ratan Dhan Payo', 899, 0, NULL, '2025-04-04 10:38:27'),
(910, 'Pathik', 900, 0, NULL, '2025-04-04 10:38:27'),
(911, 'Ve Aankhen', 901, 0, NULL, '2025-04-04 10:38:27'),
(912, 'Smiti Mein Barish', 902, 0, NULL, '2025-04-04 10:38:27'),
(913, 'Aatma ka Taap', 903, 0, NULL, '2025-04-04 10:38:27'),
(914, 'Essay Writing', 904, 0, NULL, '2025-04-04 10:38:27'),
(915, 'Dialogue Writing', 905, 0, NULL, '2025-04-04 10:38:27'),
(916, 'Picture Composition', 906, 0, NULL, '2025-04-04 10:38:27'),
(917, 'Formal Letters', 907, 0, NULL, '2025-04-04 10:38:27'),
(918, 'Informal Letters', 908, 0, NULL, '2025-04-04 10:38:27'),
(919, 'Notice Writing', 909, 0, NULL, '2025-04-04 10:38:27'),
(920, 'Report Writing', 910, 0, NULL, '2025-04-04 10:38:27'),
(921, 'A Bottle of Dew', 1039, 0, NULL, '2025-04-04 11:22:02'),
(922, 'The Raven and the Fox', 1040, 0, NULL, '2025-04-04 11:22:02'),
(923, 'Rama to the Rescue', 1041, 0, NULL, '2025-04-04 11:22:02'),
(924, 'The Unlikely Best Friends', 1042, 0, NULL, '2025-04-04 11:22:02'),
(925, 'A Friend\'s Prayer', 1043, 0, NULL, '2025-04-04 11:22:02'),
(926, 'The Chair', 1044, 0, NULL, '2025-04-04 11:22:02'),
(927, 'Neem Baba', 1045, 0, NULL, '2025-04-04 11:22:02'),
(928, 'What a Bird Thought Spices that Heal Us', 1046, 0, NULL, '2025-04-04 11:22:02'),
(929, 'Change of Heart', 1047, 0, NULL, '2025-04-04 11:22:02');
INSERT INTO `topics` (`id`, `name`, `chapter_id`, `status`, `completed_by`, `created_at`) VALUES
(930, 'The Winner', 1048, 0, NULL, '2025-04-04 11:22:02'),
(931, 'Yoga A Way of Life', 1049, 0, NULL, '2025-04-04 11:22:02'),
(932, 'Hamara Bharat Incredible India!', 1050, 0, NULL, '2025-04-04 11:22:02'),
(933, 'The Kites Ila Sachani: Embroidering Dreams with her Feet National War Memorial', 1051, 0, NULL, '2025-04-04 11:22:02'),
(934, 'Noun', 1052, 0, NULL, '2025-04-04 11:22:02'),
(935, 'Pronoun', 1053, 0, NULL, '2025-04-04 11:22:02'),
(936, 'Verb', 1054, 0, NULL, '2025-04-04 11:22:02'),
(937, 'Tenses', 1055, 0, NULL, '2025-04-04 11:22:02'),
(938, 'Voice', 1056, 0, NULL, '2025-04-04 11:22:02'),
(939, 'Adjectives', 1057, 0, NULL, '2025-04-04 11:22:02'),
(940, 'Adverbs', 1058, 0, NULL, '2025-04-04 11:22:02'),
(941, 'Sentence and phrases', 1059, 0, NULL, '2025-04-04 11:22:02'),
(942, 'Subject-verb agreement', 1060, 0, NULL, '2025-04-04 11:22:02'),
(943, 'Reported Speech', 1061, 0, NULL, '2025-04-04 11:22:02'),
(944, 'Framing Questions', 1062, 0, NULL, '2025-04-04 11:22:02'),
(945, 'Prepositions', 1063, 0, NULL, '2025-04-04 11:22:02'),
(946, 'Conjunctions', 1064, 0, NULL, '2025-04-04 11:22:02'),
(947, 'Gap filling/sentences', 1065, 0, NULL, '2025-04-04 11:22:02'),
(948, 'Dialogues completion', 1066, 0, NULL, '2025-04-04 11:22:02'),
(949, 'Sentence reordering', 1067, 0, NULL, '2025-04-04 11:22:02'),
(950, 'Editing', 1068, 0, NULL, '2025-04-04 11:22:02'),
(951, 'Omission', 1069, 0, NULL, '2025-04-04 11:22:02'),
(952, 'Sentence Transformation', 1070, 0, NULL, '2025-04-04 11:22:02'),
(953, 'Formal letter', 1071, 0, NULL, '2025-04-04 11:22:02'),
(954, 'Informal letter Writing', 1072, 0, NULL, '2025-04-04 11:22:02'),
(955, 'Diary entry', 1073, 0, NULL, '2025-04-04 11:22:02'),
(956, 'Notice Writing', 1074, 0, NULL, '2025-04-04 11:22:02'),
(957, 'Message Writing', 1075, 0, NULL, '2025-04-04 11:22:02'),
(958, 'Debate', 1076, 0, NULL, '2025-04-04 11:22:02'),
(959, 'Speech', 1077, 0, NULL, '2025-04-04 11:22:02'),
(960, 'Article Writing', 1078, 0, NULL, '2025-04-04 11:22:02'),
(961, 'Report Writing', 1079, 0, NULL, '2025-04-04 11:22:02'),
(962, 'Story Completion', 1080, 0, NULL, '2025-04-04 11:22:02'),
(963, 'Matribhmi (Kavita)', 1081, 0, NULL, '2025-04-04 11:22:02'),
(964, 'Pushp ki Abhilasha (Parhne ke liye)', 1082, 0, NULL, '2025-04-04 11:22:02'),
(965, 'Gol (Sansmaran)', 1083, 0, NULL, '2025-04-04 11:22:02'),
(966, 'Ek Daur Aisi Bhi (Parhne ke liye)', 1084, 0, NULL, '2025-04-04 11:22:02'),
(967, 'Pehli Bnd (Kavita)', 1085, 0, NULL, '2025-04-04 11:22:02'),
(968, 'Haar ki Jeet (Kahani)', 1086, 0, NULL, '2025-04-04 11:22:02'),
(969, 'Rahim ke Dohe (Dohe)', 1087, 0, NULL, '2025-04-04 11:22:02'),
(970, 'Meri Maa (Aatmakatha)', 1088, 0, NULL, '2025-04-04 11:22:02'),
(971, 'Jalte Chalo (Kavita)', 1089, 0, NULL, '2025-04-04 11:22:02'),
(972, 'Satya aur Hind Nritya (Nibandh)', 1090, 0, NULL, '2025-04-04 11:22:02'),
(973, 'Maiya Mein Nahi Makhan Khaya (Pad)', 1091, 0, NULL, '2025-04-04 11:22:02'),
(974, 'Pariksha (Kahani)', 1092, 0, NULL, '2025-04-04 11:22:02'),
(975, 'Chetak ki Veerta (Kavita)', 1093, 0, NULL, '2025-04-04 11:22:02'),
(976, 'Hind Mahasagar Mein Chota-sa Hindustan', 1094, 0, NULL, '2025-04-04 11:22:02'),
(977, 'Peid ki Baath (Nibandh)', 1095, 0, NULL, '2025-04-04 11:22:02'),
(978, 'Aao Baccho Tumhe Dikhayein Jhanki Hindustan Ki', 1096, 0, NULL, '2025-04-04 11:22:02'),
(979, 'A Bottle of Dew', 1039, 0, NULL, '2025-04-04 11:22:47'),
(980, 'The Raven and the Fox', 1040, 0, NULL, '2025-04-04 11:22:47'),
(981, 'Rama to the Rescue', 1041, 0, NULL, '2025-04-04 11:22:47'),
(982, 'The Unlikely Best Friends', 1042, 0, NULL, '2025-04-04 11:22:47'),
(983, 'A Friend\'s Prayer', 1043, 0, NULL, '2025-04-04 11:22:47'),
(984, 'The Chair', 1044, 0, NULL, '2025-04-04 11:22:47'),
(985, 'Neem Baba', 1045, 0, NULL, '2025-04-04 11:22:47'),
(986, 'What a Bird Thought Spices that Heal Us', 1046, 0, NULL, '2025-04-04 11:22:47'),
(987, 'Change of Heart', 1047, 0, NULL, '2025-04-04 11:22:47'),
(988, 'The Winner', 1048, 0, NULL, '2025-04-04 11:22:47'),
(989, 'Yoga A Way of Life', 1049, 0, NULL, '2025-04-04 11:22:47'),
(990, 'Hamara Bharat Incredible India!', 1050, 0, NULL, '2025-04-04 11:22:47'),
(991, 'The Kites Ila Sachani: Embroidering Dreams with her Feet National War Memorial', 1051, 0, NULL, '2025-04-04 11:22:47'),
(992, 'Noun', 1052, 0, NULL, '2025-04-04 11:22:47'),
(993, 'Pronoun', 1053, 0, NULL, '2025-04-04 11:22:47'),
(994, 'Verb', 1054, 0, NULL, '2025-04-04 11:22:47'),
(995, 'Tenses', 1055, 0, NULL, '2025-04-04 11:22:47'),
(996, 'Voice', 1056, 0, NULL, '2025-04-04 11:22:47'),
(997, 'Adjectives', 1057, 0, NULL, '2025-04-04 11:22:47'),
(998, 'Adverbs', 1058, 0, NULL, '2025-04-04 11:22:47'),
(999, 'Sentence and phrases', 1059, 0, NULL, '2025-04-04 11:22:47'),
(1000, 'Subject-verb agreement', 1060, 0, NULL, '2025-04-04 11:22:47'),
(1001, 'Reported Speech', 1061, 0, NULL, '2025-04-04 11:22:47'),
(1002, 'Framing Questions', 1062, 0, NULL, '2025-04-04 11:22:47'),
(1003, 'Prepositions', 1063, 0, NULL, '2025-04-04 11:22:47'),
(1004, 'Conjunctions', 1064, 0, NULL, '2025-04-04 11:22:47'),
(1005, 'Gap filling/sentences', 1065, 0, NULL, '2025-04-04 11:22:47'),
(1006, 'Dialogues completion', 1066, 0, NULL, '2025-04-04 11:22:47'),
(1007, 'Sentence reordering', 1067, 0, NULL, '2025-04-04 11:22:47'),
(1008, 'Editing', 1068, 0, NULL, '2025-04-04 11:22:47'),
(1009, 'Omission', 1069, 0, NULL, '2025-04-04 11:22:47'),
(1010, 'Sentence Transformation', 1070, 0, NULL, '2025-04-04 11:22:47'),
(1011, 'Formal letter', 1071, 0, NULL, '2025-04-04 11:22:47'),
(1012, 'Informal letter Writing', 1072, 0, NULL, '2025-04-04 11:22:47'),
(1013, 'Diary entry', 1073, 0, NULL, '2025-04-04 11:22:47'),
(1014, 'Notice Writing', 1074, 0, NULL, '2025-04-04 11:22:47'),
(1015, 'Message Writing', 1075, 0, NULL, '2025-04-04 11:22:47'),
(1016, 'Debate', 1076, 0, NULL, '2025-04-04 11:22:47'),
(1017, 'Speech', 1077, 0, NULL, '2025-04-04 11:22:47'),
(1018, 'Article Writing', 1078, 0, NULL, '2025-04-04 11:22:47'),
(1019, 'Report Writing', 1079, 0, NULL, '2025-04-04 11:22:47'),
(1020, 'Story Completion', 1080, 0, NULL, '2025-04-04 11:22:47'),
(1021, 'Matribhmi (Kavita)', 1081, 0, NULL, '2025-04-04 11:22:47'),
(1022, 'Pushp ki Abhilasha (Parhne ke liye)', 1082, 0, NULL, '2025-04-04 11:22:47'),
(1023, 'Gol (Sansmaran)', 1083, 0, NULL, '2025-04-04 11:22:47'),
(1024, 'Ek Daur Aisi Bhi (Parhne ke liye)', 1084, 0, NULL, '2025-04-04 11:22:47'),
(1025, 'Pehli Bnd (Kavita)', 1085, 0, NULL, '2025-04-04 11:22:47'),
(1026, 'Haar ki Jeet (Kahani)', 1086, 0, NULL, '2025-04-04 11:22:47'),
(1027, 'Rahim ke Dohe (Dohe)', 1087, 0, NULL, '2025-04-04 11:22:47'),
(1028, 'Meri Maa (Aatmakatha)', 1088, 0, NULL, '2025-04-04 11:22:47'),
(1029, 'Jalte Chalo (Kavita)', 1089, 0, NULL, '2025-04-04 11:22:47'),
(1030, 'Satya aur Hind Nritya (Nibandh)', 1090, 0, NULL, '2025-04-04 11:22:47'),
(1031, 'Maiya Mein Nahi Makhan Khaya (Pad)', 1091, 0, NULL, '2025-04-04 11:22:47'),
(1032, 'Pariksha (Kahani)', 1092, 0, NULL, '2025-04-04 11:22:47'),
(1033, 'Chetak ki Veerta (Kavita)', 1093, 0, NULL, '2025-04-04 11:22:47'),
(1034, 'Hind Mahasagar Mein Chota-sa Hindustan', 1094, 0, NULL, '2025-04-04 11:22:47'),
(1035, 'Peid ki Baath (Nibandh)', 1095, 0, NULL, '2025-04-04 11:22:47'),
(1036, 'Aao Baccho Tumhe Dikhayein Jhanki Hindustan Ki', 1096, 0, NULL, '2025-04-04 11:22:47'),
(1037, 'A Bottle of Dew', 1039, 0, NULL, '2025-04-04 11:23:36'),
(1038, 'The Raven and the Fox', 1040, 0, NULL, '2025-04-04 11:23:36'),
(1039, 'Rama to the Rescue', 1041, 0, NULL, '2025-04-04 11:23:36'),
(1040, 'The Unlikely Best Friends', 1042, 0, NULL, '2025-04-04 11:23:36'),
(1041, 'A Friend\'s Prayer', 1043, 0, NULL, '2025-04-04 11:23:36'),
(1042, 'The Chair', 1044, 0, NULL, '2025-04-04 11:23:36'),
(1043, 'Neem Baba', 1045, 0, NULL, '2025-04-04 11:23:36'),
(1044, 'What a Bird Thought Spices that Heal Us', 1046, 0, NULL, '2025-04-04 11:23:36'),
(1045, 'Change of Heart', 1047, 0, NULL, '2025-04-04 11:23:36'),
(1046, 'The Winner', 1048, 0, NULL, '2025-04-04 11:23:36'),
(1047, 'Yoga A Way of Life', 1049, 0, NULL, '2025-04-04 11:23:36'),
(1048, 'Hamara Bharat Incredible India!', 1050, 0, NULL, '2025-04-04 11:23:36'),
(1049, 'The Kites Ila Sachani: Embroidering Dreams with her Feet National War Memorial', 1051, 0, NULL, '2025-04-04 11:23:36'),
(1050, 'Noun', 1052, 0, NULL, '2025-04-04 11:23:36'),
(1051, 'Pronoun', 1053, 0, NULL, '2025-04-04 11:23:36'),
(1052, 'Verb', 1054, 0, NULL, '2025-04-04 11:23:36'),
(1053, 'Tenses', 1055, 0, NULL, '2025-04-04 11:23:36'),
(1054, 'Voice', 1056, 0, NULL, '2025-04-04 11:23:36'),
(1055, 'Adjectives', 1057, 0, NULL, '2025-04-04 11:23:36'),
(1056, 'Adverbs', 1058, 0, NULL, '2025-04-04 11:23:36'),
(1057, 'Sentence and phrases', 1059, 0, NULL, '2025-04-04 11:23:36'),
(1058, 'Subject-verb agreement', 1060, 0, NULL, '2025-04-04 11:23:36'),
(1059, 'Reported Speech', 1061, 0, NULL, '2025-04-04 11:23:36'),
(1060, 'Framing Questions', 1062, 0, NULL, '2025-04-04 11:23:36'),
(1061, 'Prepositions', 1063, 0, NULL, '2025-04-04 11:23:36'),
(1062, 'Conjunctions', 1064, 0, NULL, '2025-04-04 11:23:36'),
(1063, 'Gap filling/sentences', 1065, 0, NULL, '2025-04-04 11:23:36'),
(1064, 'Dialogues completion', 1066, 0, NULL, '2025-04-04 11:23:36'),
(1065, 'Sentence reordering', 1067, 0, NULL, '2025-04-04 11:23:36'),
(1066, 'Editing', 1068, 0, NULL, '2025-04-04 11:23:36'),
(1067, 'Omission', 1069, 0, NULL, '2025-04-04 11:23:36'),
(1068, 'Sentence Transformation', 1070, 0, NULL, '2025-04-04 11:23:36'),
(1069, 'Formal letter', 1071, 0, NULL, '2025-04-04 11:23:36'),
(1070, 'Informal letter Writing', 1072, 0, NULL, '2025-04-04 11:23:36'),
(1071, 'Diary entry', 1073, 0, NULL, '2025-04-04 11:23:36'),
(1072, 'Notice Writing', 1074, 0, NULL, '2025-04-04 11:23:36'),
(1073, 'Message Writing', 1075, 0, NULL, '2025-04-04 11:23:36'),
(1074, 'Debate', 1076, 0, NULL, '2025-04-04 11:23:36'),
(1075, 'Speech', 1077, 0, NULL, '2025-04-04 11:23:36'),
(1076, 'Article Writing', 1078, 0, NULL, '2025-04-04 11:23:36'),
(1077, 'Report Writing', 1079, 0, NULL, '2025-04-04 11:23:36'),
(1078, 'Story Completion', 1080, 0, NULL, '2025-04-04 11:23:36'),
(1079, 'Matribhmi (Kavita)', 1081, 0, NULL, '2025-04-04 11:23:36'),
(1080, 'Pushp ki Abhilasha (Parhne ke liye)', 1082, 0, NULL, '2025-04-04 11:23:36'),
(1081, 'Gol (Sansmaran)', 1083, 0, NULL, '2025-04-04 11:23:36'),
(1082, 'Ek Daur Aisi Bhi (Parhne ke liye)', 1084, 0, NULL, '2025-04-04 11:23:36'),
(1083, 'Pehli Bnd (Kavita)', 1085, 0, NULL, '2025-04-04 11:23:36'),
(1084, 'Haar ki Jeet (Kahani)', 1086, 0, NULL, '2025-04-04 11:23:36'),
(1085, 'Rahim ke Dohe (Dohe)', 1087, 0, NULL, '2025-04-04 11:23:36'),
(1086, 'Meri Maa (Aatmakatha)', 1088, 0, NULL, '2025-04-04 11:23:36'),
(1087, 'Jalte Chalo (Kavita)', 1089, 0, NULL, '2025-04-04 11:23:36'),
(1088, 'Satya aur Hind Nritya (Nibandh)', 1090, 0, NULL, '2025-04-04 11:23:36'),
(1089, 'Maiya Mein Nahi Makhan Khaya (Pad)', 1091, 0, NULL, '2025-04-04 11:23:36'),
(1090, 'Pariksha (Kahani)', 1092, 0, NULL, '2025-04-04 11:23:36'),
(1091, 'Chetak ki Veerta (Kavita)', 1093, 0, NULL, '2025-04-04 11:23:36'),
(1092, 'Hind Mahasagar Mein Chota-sa Hindustan', 1094, 0, NULL, '2025-04-04 11:23:36'),
(1093, 'Peid ki Baath (Nibandh)', 1095, 0, NULL, '2025-04-04 11:23:36'),
(1094, 'Aao Baccho Tumhe Dikhayein Jhanki Hindustan Ki', 1096, 0, NULL, '2025-04-04 11:23:36'),
(1095, 'What, Where, How and When?', 1118, 0, NULL, '2025-04-04 11:45:12'),
(1096, 'From Hunting-Gathering to Growing Food', 1119, 0, NULL, '2025-04-04 11:45:12'),
(1097, 'In the Earliest Cities', 1120, 0, NULL, '2025-04-04 11:45:12'),
(1098, 'What Books and Burials Tell Us', 1121, 0, NULL, '2025-04-04 11:45:12'),
(1099, 'Kingdoms, Kings and an Early Republic', 1122, 0, NULL, '2025-04-04 11:45:12'),
(1100, 'New Questions and Ideas', 1123, 0, NULL, '2025-04-04 11:45:12'),
(1101, 'From a Kingdom to an Empire', 1124, 0, NULL, '2025-04-04 11:45:12'),
(1102, 'Villages, Towns and Trade', 1125, 0, NULL, '2025-04-04 11:45:12'),
(1103, 'New Empires and Kingdoms', 1126, 0, NULL, '2025-04-04 11:45:12'),
(1104, 'Buildings, Paintings and Books', 1127, 0, NULL, '2025-04-04 11:45:12'),
(1105, 'Bhasha, Lipi aur Vyakaran', 1097, 0, NULL, '2025-04-04 11:45:12'),
(1106, 'Varn-Vichar', 1098, 0, NULL, '2025-04-04 11:45:12'),
(1107, 'Shabd-Vichar', 1099, 0, NULL, '2025-04-04 11:45:12'),
(1108, 'Sangya', 1100, 0, NULL, '2025-04-04 11:45:12'),
(1109, 'Sangya ke Vikar', 1101, 0, NULL, '2025-04-04 11:45:12'),
(1110, 'Vachan', 1102, 0, NULL, '2025-04-04 11:45:12'),
(1111, 'Karak', 1103, 0, NULL, '2025-04-04 11:45:12'),
(1112, 'Sarvanam', 1104, 0, NULL, '2025-04-04 11:45:12'),
(1113, 'Visheshan', 1105, 0, NULL, '2025-04-04 11:45:12'),
(1114, 'Kriya', 1106, 0, NULL, '2025-04-04 11:45:12'),
(1115, 'Kaal', 1107, 0, NULL, '2025-04-04 11:45:12'),
(1116, 'Vakya', 1108, 0, NULL, '2025-04-04 11:45:12'),
(1117, 'Avyay ya Avikari Shabd', 1109, 0, NULL, '2025-04-04 11:45:12'),
(1118, 'Sandhi', 1110, 0, NULL, '2025-04-04 11:45:12'),
(1119, 'Samas', 1111, 0, NULL, '2025-04-04 11:45:12'),
(1120, 'Upsarg', 1112, 0, NULL, '2025-04-04 11:45:12'),
(1121, 'Pratyay', 1113, 0, NULL, '2025-04-04 11:45:13'),
(1122, 'Vakya-Vichar', 1114, 0, NULL, '2025-04-04 11:45:13'),
(1123, 'Viram-Chihn', 1115, 0, NULL, '2025-04-04 11:45:13'),
(1124, 'Ashudd Vakyon ka Sanshodhan', 1116, 0, NULL, '2025-04-04 11:45:13'),
(1125, 'Muhavare aur Lokoktiyan', 1117, 0, NULL, '2025-04-04 11:45:13'),
(1126, 'Diversity', 1128, 0, NULL, '2025-04-04 11:45:13'),
(1127, 'Diversity and Discrimination', 1129, 0, NULL, '2025-04-04 11:45:13'),
(1128, 'Government', 1130, 0, NULL, '2025-04-04 11:45:13'),
(1129, 'Local Government and Administration', 1131, 0, NULL, '2025-04-04 11:45:13'),
(1130, 'Rural Administration', 1132, 0, NULL, '2025-04-04 11:45:13'),
(1131, 'Urban Administration', 1133, 0, NULL, '2025-04-04 11:45:13'),
(1132, 'Rural Livelihoods', 1134, 0, NULL, '2025-04-04 11:45:13'),
(1133, 'Urban Livelihoods', 1135, 0, NULL, '2025-04-04 11:45:13'),
(1134, 'The Earth in the Solar System', 1138, 0, NULL, '2025-04-04 11:45:13'),
(1135, 'Globe: Latitudes and Longitudes', 1139, 0, NULL, '2025-04-04 11:45:13'),
(1136, 'Motions of the Earth', 1140, 0, NULL, '2025-04-04 11:45:13'),
(1137, 'Maps', 1141, 0, NULL, '2025-04-04 11:45:13'),
(1138, 'Major Domains of the Earth', 1142, 0, NULL, '2025-04-04 11:45:13'),
(1139, 'Our Country: India', 1143, 0, NULL, '2025-04-04 11:45:13'),
(1140, '1.1 Introduction', 911, 0, NULL, '2025-04-04 11:48:33'),
(1141, '1.2 Comparing Numbers', 912, 0, NULL, '2025-04-04 11:48:33'),
(1142, '1.3 Large Numbers in Practice', 913, 0, NULL, '2025-04-04 11:48:33'),
(1143, '1.4 Using Brackets', 914, 0, NULL, '2025-04-04 11:48:33'),
(1144, '1.5 Roman Numeral', 915, 0, NULL, '2025-04-04 11:48:33'),
(1145, '2.1 Introduction', 916, 0, NULL, '2025-04-04 11:48:33'),
(1146, '2.2 Whole Numbers', 917, 0, NULL, '2025-04-04 11:48:33'),
(1147, '2.3 The Number Line', 918, 0, NULL, '2025-04-04 11:48:33'),
(1148, '2.4 Properties Of Whole Numbers', 919, 0, NULL, '2025-04-04 11:48:33'),
(1149, '2.5 Patterns in Whole Numbers', 920, 0, NULL, '2025-04-04 11:48:33'),
(1150, '3.1 Introduction', 921, 0, NULL, '2025-04-04 11:48:33'),
(1151, '3.2 Factors and Multiples', 922, 0, NULL, '2025-04-04 11:48:33'),
(1152, '3.3 Prime and Composite Numbers', 923, 0, NULL, '2025-04-04 11:48:33'),
(1153, '3.4 Test For Divisibility Of Numbers', 924, 0, NULL, '2025-04-04 11:48:33'),
(1154, '3.5 Common Factors and Common Multiples', 925, 0, NULL, '2025-04-04 11:48:33'),
(1155, '3.6 Some More Divisibility Rules', 926, 0, NULL, '2025-04-04 11:48:33'),
(1156, '3.7 Prime Factorisation', 927, 0, NULL, '2025-04-04 11:48:33'),
(1157, '3.8 Highest Common Factor', 928, 0, NULL, '2025-04-04 11:48:33'),
(1158, '3.9 Lowest Common Multiple', 929, 0, NULL, '2025-04-04 11:48:33'),
(1159, '3.10 Some Problems on HCF and LCM', 930, 0, NULL, '2025-04-04 11:48:33'),
(1160, '4.1 Introduction', 931, 0, NULL, '2025-04-04 11:48:33'),
(1161, '4.2 Points', 932, 0, NULL, '2025-04-04 11:48:33'),
(1162, '4.3 A Line Segment', 933, 0, NULL, '2025-04-04 11:48:33'),
(1163, '4.4 A line', 934, 0, NULL, '2025-04-04 11:48:33'),
(1164, '4.5 Intersecting Lines', 935, 0, NULL, '2025-04-04 11:48:33'),
(1165, '4.6 Parallel Lines', 936, 0, NULL, '2025-04-04 11:48:33'),
(1166, '4.7 Ray', 937, 0, NULL, '2025-04-04 11:48:33'),
(1167, '4.8 Curves', 938, 0, NULL, '2025-04-04 11:48:33'),
(1168, '4.9 Polygons', 939, 0, NULL, '2025-04-04 11:48:33'),
(1169, '4.10 Angles', 940, 0, NULL, '2025-04-04 11:48:33'),
(1170, '4.11 Triangles', 941, 0, NULL, '2025-04-04 11:48:33'),
(1171, '4.12 Quadrilateral', 942, 0, NULL, '2025-04-04 11:48:33'),
(1172, '4.13 Circles', 943, 0, NULL, '2025-04-04 11:48:33'),
(1173, '5.1 Introduction', 944, 0, NULL, '2025-04-04 11:48:33'),
(1174, '5.2 Measuring Line Segments', 945, 0, NULL, '2025-04-04 11:48:33'),
(1175, '5.3 Angles - Right and Straight', 946, 0, NULL, '2025-04-04 11:48:33'),
(1176, '5.4 Angles - Acute, Obtuse, and Reflex', 947, 0, NULL, '2025-04-04 11:48:33'),
(1177, '5.5 Measuring Angles', 948, 0, NULL, '2025-04-04 11:48:33'),
(1178, '5.6 Perpendicular Lines', 949, 0, NULL, '2025-04-04 11:48:33'),
(1179, '5.7 Classification of Triangles', 950, 0, NULL, '2025-04-04 11:48:33'),
(1180, '5.8 Quadrilaterals', 951, 0, NULL, '2025-04-04 11:48:33'),
(1181, '5.9 Polygons', 952, 0, NULL, '2025-04-04 11:48:33'),
(1182, '5.10 Three Dimensional Shapes', 953, 0, NULL, '2025-04-04 11:48:33'),
(1183, '6.1 Introduction', 954, 0, NULL, '2025-04-04 11:48:33'),
(1184, '6.2 Integers', 955, 0, NULL, '2025-04-04 11:48:33'),
(1185, '6.3 Addition of Integers', 956, 0, NULL, '2025-04-04 11:48:33'),
(1186, '6.4 Subtraction of Integers with the help of a Number Line', 957, 0, NULL, '2025-04-04 11:48:33'),
(1187, '7.1 Introduction', 958, 0, NULL, '2025-04-04 11:48:33'),
(1188, '7.2 A Fraction', 959, 0, NULL, '2025-04-04 11:48:33'),
(1189, '7.3 Fraction on the Number Line', 960, 0, NULL, '2025-04-04 11:48:33'),
(1190, '7.4 Proper Fractions', 961, 0, NULL, '2025-04-04 11:48:33'),
(1191, '7.5 Improper and Mixed Fractions', 962, 0, NULL, '2025-04-04 11:48:33'),
(1192, '7.6 Equivalent Fractions', 963, 0, NULL, '2025-04-04 11:48:33'),
(1193, '7.7 Simplest Form of a Fraction', 964, 0, NULL, '2025-04-04 11:48:33'),
(1194, '7.8 Like Fractions', 965, 0, NULL, '2025-04-04 11:48:33'),
(1195, '7.9 Comparing Fractions', 966, 0, NULL, '2025-04-04 11:48:33'),
(1196, '7.10 Addition and Subtraction of Fractions', 967, 0, NULL, '2025-04-04 11:48:33'),
(1197, '8.1 Introduction', 968, 0, NULL, '2025-04-04 11:48:33'),
(1198, '8.2 Tenths', 969, 0, NULL, '2025-04-04 11:48:33'),
(1199, '8.3 Hundredths', 970, 0, NULL, '2025-04-04 11:48:33'),
(1200, '8.4 Comparing Decimals', 971, 0, NULL, '2025-04-04 11:48:33'),
(1201, '8.5 Using Decimals', 972, 0, NULL, '2025-04-04 11:48:33'),
(1202, '8.6 Addition of Numbers with Decimals', 973, 0, NULL, '2025-04-04 11:48:33'),
(1203, '8.7 Subtraction of Decimals', 974, 0, NULL, '2025-04-04 11:48:33'),
(1204, '9.1 Introduction', 975, 0, NULL, '2025-04-04 11:48:33'),
(1205, '9.2 Recording Data', 976, 0, NULL, '2025-04-04 11:48:33'),
(1206, '9.3 Organisation of Data', 977, 0, NULL, '2025-04-04 11:48:33'),
(1207, '9.4 Pictograph', 978, 0, NULL, '2025-04-04 11:48:33'),
(1208, '9.5 Interpretation of a Pictograph', 979, 0, NULL, '2025-04-04 11:48:33'),
(1209, '9.6 Drawing a Pictograph', 980, 0, NULL, '2025-04-04 11:48:33'),
(1210, '9.7 A Bar Graph', 981, 0, NULL, '2025-04-04 11:48:33'),
(1211, '10.1 Introduction', 982, 0, NULL, '2025-04-04 11:48:33'),
(1212, '10.2 Perimeter', 983, 0, NULL, '2025-04-04 11:48:33'),
(1213, '10.3 Area', 984, 0, NULL, '2025-04-04 11:48:33'),
(1214, '11.1 Introduction', 985, 0, NULL, '2025-04-04 11:48:33'),
(1215, '11.2 Matchstick Patterns', 986, 0, NULL, '2025-04-04 11:48:33'),
(1216, '11.3 The Idea Of A Variable', 987, 0, NULL, '2025-04-04 11:48:33'),
(1217, '11.4 More Matchstick Patterns', 988, 0, NULL, '2025-04-04 11:48:33'),
(1218, '11.5 More Examples of Variables', 989, 0, NULL, '2025-04-04 11:48:33'),
(1219, '11.6 Use Of Variables in Common Rules', 990, 0, NULL, '2025-04-04 11:48:33'),
(1220, '11.7 Expressions with Variables', 991, 0, NULL, '2025-04-04 11:48:33'),
(1221, '11.8 Using Expressions Practically', 992, 0, NULL, '2025-04-04 11:48:33'),
(1222, '11.9 What is an Equation?', 993, 0, NULL, '2025-04-04 11:48:33'),
(1223, '11.10 Solution of an Equation', 994, 0, NULL, '2025-04-04 11:48:33'),
(1224, '1.1 What do different food items contain?', 995, 0, NULL, '2025-04-04 11:51:53'),
(1225, '1.2 What do various nutrients do for our bodies?', 996, 0, NULL, '2025-04-04 11:51:53'),
(1226, '1.3 Balanced diet', 997, 0, NULL, '2025-04-04 11:51:53'),
(1227, '1.4 Deficiency diseases', 998, 0, NULL, '2025-04-04 11:51:53'),
(1228, '2.1 Objectives Around Us', 999, 0, NULL, '2025-04-04 11:51:53'),
(1229, '2.2 Properties of materials', 1000, 0, NULL, '2025-04-04 11:51:53'),
(1230, '3.1 Methods of separation', 1001, 0, NULL, '2025-04-04 11:51:53'),
(1231, '4.1 Herbs, shrubs, and trees', 1002, 0, NULL, '2025-04-04 11:51:53'),
(1232, '4.2 Stem', 1003, 0, NULL, '2025-04-04 11:51:53'),
(1233, '4.3 Leaf', 1004, 0, NULL, '2025-04-04 11:51:53'),
(1234, '4.4 Root', 1005, 0, NULL, '2025-04-04 11:51:53'),
(1235, '4.5 Flower', 1006, 0, NULL, '2025-04-04 11:51:53'),
(1236, '5.1 The human body and its movements', 1007, 0, NULL, '2025-04-04 11:51:53'),
(1237, '5.2 Gait of animals', 1008, 0, NULL, '2025-04-04 11:51:53'),
(1238, '6.1 Organisms and the surrounding where they Live', 1009, 0, NULL, '2025-04-04 11:51:53'),
(1239, '6.2 Habitat and Adaptation', 1010, 0, NULL, '2025-04-04 11:51:53'),
(1240, '6.3 A journey through different habitats', 1011, 0, NULL, '2025-04-04 11:51:53'),
(1241, '6.4 Characteristics of Organisms', 1012, 0, NULL, '2025-04-04 11:51:53'),
(1242, '7.1 Story of Transport', 1013, 0, NULL, '2025-04-04 11:51:53'),
(1243, '7.2 How wide is this desk?', 1014, 0, NULL, '2025-04-04 11:51:53'),
(1244, '7.3 Some measurements', 1015, 0, NULL, '2025-04-04 11:51:53'),
(1245, '7.4 Standard units of measurements', 1016, 0, NULL, '2025-04-04 11:51:53'),
(1246, '7.5 Correct measurement of length', 1017, 0, NULL, '2025-04-04 11:51:53'),
(1247, '7.6 Measuring the length of a curved line', 1018, 0, NULL, '2025-04-04 11:51:53'),
(1248, '7.7 Moving things around us', 1019, 0, NULL, '2025-04-04 11:51:53'),
(1249, '7.8 Types of motion', 1020, 0, NULL, '2025-04-04 11:51:53'),
(1250, '8.1 Transparent, opaque, and translucent objects', 1021, 0, NULL, '2025-04-04 11:51:53'),
(1251, '8.2 What exactly are shadows?', 1022, 0, NULL, '2025-04-04 11:51:53'),
(1252, '8.3 A pinhole camera', 1023, 0, NULL, '2025-04-04 11:51:53'),
(1253, '8.4 Mirrors and Reflections', 1024, 0, NULL, '2025-04-04 11:51:53'),
(1254, '9.1 Electric cell', 1025, 0, NULL, '2025-04-04 11:51:53'),
(1255, '9.2 A bulb connected to an electric cell', 1026, 0, NULL, '2025-04-04 11:51:53'),
(1256, '9.3 An electric circuit', 1027, 0, NULL, '2025-04-04 11:51:53'),
(1257, '9.4 Electric switch', 1028, 0, NULL, '2025-04-04 11:51:53'),
(1258, '9.5 Electric conductors and insulators', 1029, 0, NULL, '2025-04-04 11:51:53'),
(1259, '10.1 Magnetic and non-magnetic materials', 1030, 0, NULL, '2025-04-04 11:51:53'),
(1260, '10.2 Poles of magnet', 1031, 0, NULL, '2025-04-04 11:51:53'),
(1261, '10.3 Finding directions', 1032, 0, NULL, '2025-04-04 11:51:53'),
(1262, '10.4 Make your magnet', 1033, 0, NULL, '2025-04-04 11:51:53'),
(1263, '10.5 Attraction and repulsion between magnets', 1034, 0, NULL, '2025-04-04 11:51:53'),
(1264, '11.1 Is air present everywhere around us?', 1035, 0, NULL, '2025-04-04 11:51:53'),
(1265, '11.2 What is air made up of?', 1036, 0, NULL, '2025-04-04 11:51:53'),
(1266, '11.3 How does oxygen become available to animals and plants living in water and soil?', 1037, 0, NULL, '2025-04-04 11:51:53'),
(1267, '11.4 How is the oxygen in the atmosphere replaced?', 1038, 0, NULL, '2025-04-04 11:51:53'),
(1268, '1. Relations and Functions', 1144, 0, NULL, '2025-04-04 12:01:06'),
(1269, '2. Inverse Trigonometric Functions', 1145, 0, NULL, '2025-04-04 12:01:07'),
(1270, '1. Matrices', 1146, 0, NULL, '2025-04-04 12:01:07'),
(1271, '2. Determinants', 1147, 0, NULL, '2025-04-04 12:01:07'),
(1272, '1. Continuity and Differentiability', 1148, 0, NULL, '2025-04-04 12:01:07'),
(1273, '2. Applications of Derivatives', 1149, 0, NULL, '2025-04-04 12:01:07'),
(1274, '3. Integrals', 1150, 0, NULL, '2025-04-04 12:01:07'),
(1275, '4. Applications of the Integrals', 1151, 0, NULL, '2025-04-04 12:01:07'),
(1276, '5. Differential Equations', 1152, 0, NULL, '2025-04-04 12:01:07'),
(1277, '1. Vectors', 1153, 0, NULL, '2025-04-04 12:01:07'),
(1278, '2. Three-dimensional Geometry', 1154, 0, NULL, '2025-04-04 12:01:07'),
(1279, '1. Linear Programming', 1155, 0, NULL, '2025-04-04 12:01:07'),
(1280, '1. Probability', 1156, 0, NULL, '2025-04-04 12:01:07'),
(1281, 'Electric Charges and Fields', 1157, 0, NULL, '2025-04-04 12:07:06'),
(1282, 'Electrostatic Potential and Capacitance', 1158, 0, NULL, '2025-04-04 12:07:06'),
(1283, 'Current Electricity', 1159, 0, NULL, '2025-04-04 12:07:06'),
(1284, 'Moving Charges and Magnetism', 1160, 0, NULL, '2025-04-04 12:07:06'),
(1285, 'Magnetism and Matter', 1161, 0, NULL, '2025-04-04 12:07:06'),
(1286, 'Electromagnetic Induction', 1162, 0, NULL, '2025-04-04 12:07:06'),
(1287, 'Alternating Current', 1163, 0, NULL, '2025-04-04 12:07:06'),
(1288, 'Electromagnetic Waves', 1164, 0, NULL, '2025-04-04 12:07:06'),
(1289, 'Ray Optics and Optical Instruments', 1165, 0, NULL, '2025-04-04 12:07:06'),
(1290, 'Wave Optics', 1166, 0, NULL, '2025-04-04 12:07:06'),
(1291, 'Dual Nature of Radiation and Matter', 1167, 0, NULL, '2025-04-04 12:07:06'),
(1292, 'Atoms', 1168, 0, NULL, '2025-04-04 12:07:07'),
(1293, 'Nuclei', 1169, 0, NULL, '2025-04-04 12:07:07'),
(1294, 'Semiconductor Electronics: Materials, Devices and Simple Circuits', 1170, 0, NULL, '2025-04-04 12:07:07'),
(1295, 'Solutions', 1171, 0, NULL, '2025-04-04 13:12:07'),
(1296, 'Electrochemistry', 1172, 0, NULL, '2025-04-04 13:12:07'),
(1297, 'Chemical Kinetics', 1173, 0, NULL, '2025-04-04 13:12:07'),
(1298, 'd -and f -Block Elements', 1174, 0, NULL, '2025-04-04 13:12:07'),
(1299, 'Coordination Compounds', 1175, 0, NULL, '2025-04-04 13:12:07'),
(1300, 'Haloalkanes and Haloarenes', 1176, 0, NULL, '2025-04-04 13:12:07'),
(1301, 'Alcohols, Phenols and Ethers', 1177, 0, NULL, '2025-04-04 13:12:07'),
(1302, 'Aldehydes, Ketones and Carboxylic Acids', 1178, 0, NULL, '2025-04-04 13:12:07'),
(1303, 'Amines', 1179, 0, NULL, '2025-04-04 13:12:07'),
(1304, 'Biomolecules', 1180, 0, NULL, '2025-04-04 13:12:07'),
(1305, 'Sexual Reproduction in Flowering Plants', 1181, 0, NULL, '2025-04-04 13:15:51'),
(1306, 'Human Reproduction', 1182, 0, NULL, '2025-04-04 13:15:51'),
(1307, 'Reproductive Health', 1183, 0, NULL, '2025-04-04 13:15:51'),
(1308, 'Principles of Inheritance and Variation', 1184, 0, NULL, '2025-04-04 13:15:51'),
(1309, 'Molecular Basis of Inheritance', 1185, 0, NULL, '2025-04-04 13:15:51'),
(1310, 'Evolution', 1186, 0, NULL, '2025-04-04 13:15:51'),
(1311, 'Human Health and Diseases', 1187, 0, NULL, '2025-04-04 13:15:51'),
(1312, 'Microbes in Human Welfare', 1188, 0, NULL, '2025-04-04 13:15:51'),
(1313, 'Biotechnology - Principles and Processes', 1189, 0, NULL, '2025-04-04 13:15:51'),
(1314, 'Biotechnology and its Applications', 1190, 0, NULL, '2025-04-04 13:15:51'),
(1315, 'Organisms and Populations', 1191, 0, NULL, '2025-04-04 13:15:51'),
(1316, 'Ecosystem', 1192, 0, NULL, '2025-04-04 13:15:51'),
(1317, 'Biodiversity and its Conservation', 1193, 0, NULL, '2025-04-04 13:15:51'),
(1318, 'The Last Lesson, Lost Spring, Deep Water', 1194, 0, NULL, '2025-04-04 13:27:49'),
(1319, 'The Rattrap', 1195, 0, NULL, '2025-04-04 13:27:49'),
(1320, 'Indigo', 1196, 0, NULL, '2025-04-04 13:27:49'),
(1321, 'Poets and Pancakes', 1197, 0, NULL, '2025-04-04 13:27:49'),
(1322, 'The Interview', 1198, 0, NULL, '2025-04-04 13:27:49'),
(1323, 'Going Places', 1199, 0, NULL, '2025-04-04 13:27:49'),
(1324, 'My Mother at Sixty-Six', 1200, 0, NULL, '2025-04-04 13:27:49'),
(1325, 'Keeping Quiet', 1201, 0, NULL, '2025-04-04 13:27:49'),
(1326, 'A Thing of Beauty', 1202, 0, NULL, '2025-04-04 13:27:49'),
(1327, 'A Roadside Stand', 1203, 0, NULL, '2025-04-04 13:27:49'),
(1328, 'Aunt Jennifers Tigers', 1204, 0, NULL, '2025-04-04 13:27:49'),
(1329, 'The Third Level', 1205, 0, NULL, '2025-04-04 13:27:49'),
(1330, 'The Tiger King', 1206, 0, NULL, '2025-04-04 13:27:49'),
(1331, 'Journey to the End of the Earth', 1207, 0, NULL, '2025-04-04 13:27:49'),
(1332, 'The Enemy', 1208, 0, NULL, '2025-04-04 13:27:49'),
(1333, 'On the Face of it', 1209, 0, NULL, '2025-04-04 13:27:49'),
(1334, 'The Cutting of My Long Hair', 1210, 0, NULL, '2025-04-04 13:27:49'),
(1335, 'We Too are Human Beings', 1211, 0, NULL, '2025-04-04 13:27:49'),
(1336, 'Notice', 1212, 0, NULL, '2025-04-04 13:27:49'),
(1337, 'Invitation and Reply', 1213, 0, NULL, '2025-04-04 13:27:49'),
(1338, 'Letters', 1214, 0, NULL, '2025-04-04 13:27:49'),
(1339, 'Article/Report Writing', 1215, 0, NULL, '2025-04-04 13:27:49'),
(1340, 'Suno Ne Mere Liye Kya Kaha', 1216, 0, NULL, '2025-04-04 13:30:28'),
(1341, 'Vishal Bharat Ki Sawari', 1217, 0, NULL, '2025-04-04 13:30:28'),
(1342, 'Hum Kahan Ke Sachche The', 1218, 0, NULL, '2025-04-04 13:30:28'),
(1343, 'Shaheed Ki Beti', 1219, 0, NULL, '2025-04-04 13:30:28'),
(1344, 'Kaunsi Aurat Ki Vyatha', 1220, 0, NULL, '2025-04-04 13:30:28'),
(1345, 'Sapne Mein Jo Kho Gaya', 1221, 0, NULL, '2025-04-04 13:30:28'),
(1346, 'Singhasan Hil Rahe Hain', 1222, 0, NULL, '2025-04-04 13:30:28'),
(1347, 'Are Bhilon Ke Saathiyon', 1223, 0, NULL, '2025-04-04 13:30:28'),
(1348, 'Nafrat Ki Jo Deewarein Hain', 1224, 0, NULL, '2025-04-04 13:30:28'),
(1349, 'Jeevan Ka Uddeshya', 1225, 0, NULL, '2025-04-04 13:30:28'),
(1350, 'Essay Writing', 1226, 0, NULL, '2025-04-04 13:30:28'),
(1351, 'Letter Writing', 1227, 0, NULL, '2025-04-04 13:30:28'),
(1352, 'Report Writing', 1228, 0, NULL, '2025-04-04 13:30:28'),
(1353, 'Notice Writing', 1229, 0, NULL, '2025-04-04 13:30:28'),
(1354, 'Advertisement Writing', 1230, 0, NULL, '2025-04-04 13:30:28'),
(1355, 'Speech Writing', 1231, 0, NULL, '2025-04-04 13:30:28');

-- --------------------------------------------------------

--
-- Table structure for table `users`
--

CREATE TABLE `users` (
  `user_id` int(11) NOT NULL,
  `first_name` varchar(255) NOT NULL,
  `last_name` varchar(255) NOT NULL,
  `email` varchar(255) NOT NULL,
  `phone_number` bigint(30) NOT NULL,
  `password` varchar(255) NOT NULL
) ENGINE=InnoDB DEFAULT CHARSET=utf8mb4 COLLATE=utf8mb4_general_ci;

--
-- Dumping data for table `users`
--

INSERT INTO `users` (`user_id`, `first_name`, `last_name`, `email`, `phone_number`, `password`) VALUES
(14, 'Vedant', 'Pathare', 'teacher@gmail.com', 9373356296, 'teacher123');

--
-- Indexes for dumped tables
--

--
-- Indexes for table `admins`
--
ALTER TABLE `admins`
  ADD PRIMARY KEY (`id`);

--
-- Indexes for table `chapters`
--
ALTER TABLE `chapters`
  ADD PRIMARY KEY (`id`),
  ADD KEY `subject_id` (`subject_id`),
  ADD KEY `completed_by` (`completed_by`);

--
-- Indexes for table `classes`
--
ALTER TABLE `classes`
  ADD PRIMARY KEY (`id`),
  ADD UNIQUE KEY `name` (`name`);

--
-- Indexes for table `progress`
--
ALTER TABLE `progress`
  ADD PRIMARY KEY (`id`),
  ADD KEY `teacher_id` (`user_id`),
  ADD KEY `class_id` (`class_id`),
  ADD KEY `subject_id` (`subject_id`),
  ADD KEY `chapter_id` (`chapter_id`),
  ADD KEY `topic_id` (`topic_id`);

--
-- Indexes for table `progress1`
--
ALTER TABLE `progress1`
  ADD PRIMARY KEY (`id`,`user_id`,`class_id`);

--
-- Indexes for table `subjects`
--
ALTER TABLE `subjects`
  ADD PRIMARY KEY (`id`),
  ADD UNIQUE KEY `name` (`name`,`class_id`),
  ADD KEY `class_id` (`class_id`);

--
-- Indexes for table `subtopics`
--
ALTER TABLE `subtopics`
  ADD PRIMARY KEY (`id`),
  ADD KEY `topic_id` (`topic_id`),
  ADD KEY `completed_by` (`completed_by`);

--
-- Indexes for table `topics`
--
ALTER TABLE `topics`
  ADD PRIMARY KEY (`id`),
  ADD KEY `chapter_id` (`chapter_id`),
  ADD KEY `completed_by` (`completed_by`);

--
-- Indexes for table `users`
--
ALTER TABLE `users`
  ADD PRIMARY KEY (`user_id`),
  ADD UNIQUE KEY `email` (`email`);

--
-- AUTO_INCREMENT for dumped tables
--

--
-- AUTO_INCREMENT for table `admins`
--
ALTER TABLE `admins`
  MODIFY `id` bigint(50) NOT NULL AUTO_INCREMENT, AUTO_INCREMENT=2;

--
-- AUTO_INCREMENT for table `chapters`
--
ALTER TABLE `chapters`
  MODIFY `id` int(11) NOT NULL AUTO_INCREMENT, AUTO_INCREMENT=1232;

--
-- AUTO_INCREMENT for table `classes`
--
ALTER TABLE `classes`
  MODIFY `id` int(11) NOT NULL AUTO_INCREMENT, AUTO_INCREMENT=13;

--
-- AUTO_INCREMENT for table `progress`
--
ALTER TABLE `progress`
  MODIFY `id` int(11) NOT NULL AUTO_INCREMENT, AUTO_INCREMENT=1230;

--
-- AUTO_INCREMENT for table `progress1`
--
ALTER TABLE `progress1`
  MODIFY `id` bigint(50) NOT NULL AUTO_INCREMENT, AUTO_INCREMENT=8;

--
-- AUTO_INCREMENT for table `subjects`
--
ALTER TABLE `subjects`
  MODIFY `id` int(11) NOT NULL AUTO_INCREMENT, AUTO_INCREMENT=89;

--
-- AUTO_INCREMENT for table `subtopics`
--
ALTER TABLE `subtopics`
  MODIFY `id` int(11) NOT NULL AUTO_INCREMENT, AUTO_INCREMENT=519;

--
-- AUTO_INCREMENT for table `topics`
--
ALTER TABLE `topics`
  MODIFY `id` int(11) NOT NULL AUTO_INCREMENT, AUTO_INCREMENT=1356;

--
-- AUTO_INCREMENT for table `users`
--
ALTER TABLE `users`
  MODIFY `user_id` int(11) NOT NULL AUTO_INCREMENT, AUTO_INCREMENT=22;

--
-- Constraints for dumped tables
--

--
-- Constraints for table `chapters`
--
ALTER TABLE `chapters`
  ADD CONSTRAINT `chapters_ibfk_1` FOREIGN KEY (`subject_id`) REFERENCES `subjects` (`id`) ON DELETE CASCADE,
  ADD CONSTRAINT `chapters_ibfk_2` FOREIGN KEY (`completed_by`) REFERENCES `users` (`user_id`);

--
-- Constraints for table `progress`
--
ALTER TABLE `progress`
  ADD CONSTRAINT `progress_ibfk_1` FOREIGN KEY (`user_id`) REFERENCES `users` (`user_id`) ON DELETE CASCADE,
  ADD CONSTRAINT `progress_ibfk_2` FOREIGN KEY (`class_id`) REFERENCES `classes` (`id`) ON DELETE CASCADE,
  ADD CONSTRAINT `progress_ibfk_3` FOREIGN KEY (`subject_id`) REFERENCES `subjects` (`id`) ON DELETE CASCADE,
  ADD CONSTRAINT `progress_ibfk_4` FOREIGN KEY (`chapter_id`) REFERENCES `chapters` (`id`) ON DELETE CASCADE,
  ADD CONSTRAINT `progress_ibfk_5` FOREIGN KEY (`topic_id`) REFERENCES `topics` (`id`) ON DELETE CASCADE;

--
-- Constraints for table `subjects`
--
ALTER TABLE `subjects`
  ADD CONSTRAINT `subjects_ibfk_1` FOREIGN KEY (`class_id`) REFERENCES `classes` (`id`) ON DELETE CASCADE;

--
-- Constraints for table `subtopics`
--
ALTER TABLE `subtopics`
  ADD CONSTRAINT `subtopics_ibfk_1` FOREIGN KEY (`topic_id`) REFERENCES `topics` (`id`) ON DELETE CASCADE,
  ADD CONSTRAINT `subtopics_ibfk_2` FOREIGN KEY (`completed_by`) REFERENCES `users` (`user_id`);

--
-- Constraints for table `topics`
--
ALTER TABLE `topics`
  ADD CONSTRAINT `topics_ibfk_1` FOREIGN KEY (`chapter_id`) REFERENCES `chapters` (`id`) ON DELETE CASCADE,
  ADD CONSTRAINT `topics_ibfk_2` FOREIGN KEY (`completed_by`) REFERENCES `users` (`user_id`);
COMMIT;

/*!40101 SET CHARACTER_SET_CLIENT=@OLD_CHARACTER_SET_CLIENT */;
/*!40101 SET CHARACTER_SET_RESULTS=@OLD_CHARACTER_SET_RESULTS */;
/*!40101 SET COLLATION_CONNECTION=@OLD_COLLATION_CONNECTION */;
